{
  "model": "gradient_boosting",
  "display_name": "Gradient Boosting (XGBoost)",
  "task": "binary",
  "mode": "baseline",
  "seed": 42,
  "group_col": "speaker",
  "fast": true,
  "tiny": false,
  "precompute_features": true,
  "feature_config": {
    "include_metadata": true,
    "include_speaker_credibility": true,
    "word_max_features": 8000,
    "char_max_features": 1,
    "use_char": false
  },
  "training_time_seconds": 29.37957787513733,
  "best_params": null,
  "split_stats": {
    "n_total": 12787,
    "n_train": 9250,
    "n_valid": 1499,
    "n_test": 2038,
    "group_col": "speaker",
    "n_groups_total": 3310,
    "n_groups_train": 2408,
    "n_groups_valid": 438,
    "n_groups_test": 464,
    "exact_duplicates_removed": 4
  },
  "used_dense_transformer": false,
  "metrics": {
    "accuracy": 0.5897939156035329,
    "macro_f1": 0.5243406586657167,
    "weighted_f1": 0.5406173945179779,
    "confusion_matrix": [
      [
        223,
        702
      ],
      [
        134,
        979
      ]
    ],
    "classification_report": "              precision    recall  f1-score   support\n\n        fake       0.62      0.24      0.35       925\n        true       0.58      0.88      0.70      1113\n\n    accuracy                           0.59      2038\n   macro avg       0.60      0.56      0.52      2038\nweighted avg       0.60      0.59      0.54      2038\n",
    "precision": 0.5823914336704342,
    "recall": 0.8796046720575023,
    "f1": 0.7007874015748031,
    "f2": 0.7981412033262677,
    "roc_auc": 0.6608503921711469
  },
  "accuracy": 0.5897939156035329,
  "macro_f1": 0.5243406586657167,
  "precision": 0.5823914336704342,
  "recall": 0.8796046720575023,
  "f1": 0.7007874015748031,
  "confusion_matrix": [
    [
      223,
      702
    ],
    [
      134,
      979
    ]
  ]
}