{
  "model": "random_forest",
  "display_name": "Random Forest",
  "task": "binary",
  "mode": "baseline",
  "seed": 42,
  "group_col": "speaker",
  "fast": true,
  "tiny": false,
  "precompute_features": true,
  "feature_config": {
    "include_metadata": true,
    "include_speaker_credibility": true,
    "word_max_features": 8000,
    "char_max_features": 1,
    "use_char": false
  },
  "training_time_seconds": 97.42878937721252,
  "best_params": null,
  "split_stats": {
    "n_total": 12787,
    "n_train": 9250,
    "n_valid": 1499,
    "n_test": 2038,
    "group_col": "speaker",
    "n_groups_total": 3310,
    "n_groups_train": 2408,
    "n_groups_valid": 438,
    "n_groups_test": 464,
    "exact_duplicates_removed": 4
  },
  "used_dense_transformer": true,
  "metrics": {
    "accuracy": 0.542198233562316,
    "macro_f1": 0.489462920256824,
    "weighted_f1": 0.5045991628544308,
    "confusion_matrix": [
      [
        225,
        700
      ],
      [
        233,
        880
      ]
    ],
    "classification_report": "              precision    recall  f1-score   support\n\n        fake       0.49      0.24      0.33       925\n        true       0.56      0.79      0.65      1113\n\n    accuracy                           0.54      2038\n   macro avg       0.52      0.52      0.49      2038\nweighted avg       0.53      0.54      0.50      2038\n",
    "precision": 0.5569620253164557,
    "recall": 0.7906558849955077,
    "f1": 0.6535462309691794,
    "f2": 0.7294429708222812,
    "roc_auc": 0.5377081663874117
  },
  "accuracy": 0.542198233562316,
  "macro_f1": 0.489462920256824,
  "precision": 0.5569620253164557,
  "recall": 0.7906558849955077,
  "f1": 0.6535462309691794,
  "confusion_matrix": [
    [
      225,
      700
    ],
    [
      233,
      880
    ]
  ]
}