{
  "model": "stacking",
  "display_name": "Stacking Ensemble",
  "task": "binary",
  "mode": "baseline",
  "seed": 42,
  "group_col": "speaker",
  "fast": true,
  "tiny": false,
  "precompute_features": true,
  "feature_config": {
    "include_metadata": true,
    "include_speaker_credibility": true,
    "word_max_features": 8000,
    "char_max_features": 1,
    "use_char": false
  },
  "training_time_seconds": 611.2544119358063,
  "best_params": null,
  "split_stats": {
    "n_total": 12787,
    "n_train": 9250,
    "n_valid": 1499,
    "n_test": 2038,
    "group_col": "speaker",
    "n_groups_total": 3310,
    "n_groups_train": 2408,
    "n_groups_valid": 438,
    "n_groups_test": 464,
    "exact_duplicates_removed": 4
  },
  "used_dense_transformer": true,
  "metrics": {
    "accuracy": 0.5230618253189402,
    "macro_f1": 0.5150470035252643,
    "weighted_f1": 0.5207980970260698,
    "confusion_matrix": [
      [
        402,
        523
      ],
      [
        449,
        664
      ]
    ],
    "classification_report": "              precision    recall  f1-score   support\n\n        fake       0.47      0.43      0.45       925\n        true       0.56      0.60      0.58      1113\n\n    accuracy                           0.52      2038\n   macro avg       0.52      0.52      0.52      2038\nweighted avg       0.52      0.52      0.52      2038\n",
    "precision": 0.5593934288121314,
    "recall": 0.5965858041329739,
    "f1": 0.577391304347826,
    "f2": 0.5887568717857776,
    "roc_auc": 0.5133037080206893
  },
  "accuracy": 0.5230618253189402,
  "macro_f1": 0.5150470035252643,
  "precision": 0.5593934288121314,
  "recall": 0.5965858041329739,
  "f1": 0.577391304347826,
  "confusion_matrix": [
    [
      402,
      523
    ],
    [
      449,
      664
    ]
  ]
}