{
  "model": "svm_rbf",
  "display_name": "SVM (RBF)",
  "task": "binary",
  "mode": "baseline",
  "seed": 42,
  "group_col": "speaker",
  "fast": true,
  "tiny": false,
  "precompute_features": true,
  "feature_config": {
    "include_metadata": true,
    "include_speaker_credibility": true,
    "word_max_features": 8000,
    "char_max_features": 1,
    "use_char": false
  },
  "training_time_seconds": 358.46591544151306,
  "best_params": null,
  "split_stats": {
    "n_total": 12787,
    "n_train": 9250,
    "n_valid": 1499,
    "n_test": 2038,
    "group_col": "speaker",
    "n_groups_total": 3310,
    "n_groups_train": 2408,
    "n_groups_valid": 438,
    "n_groups_test": 464,
    "exact_duplicates_removed": 4
  },
  "used_dense_transformer": true,
  "metrics": {
    "accuracy": 0.5230618253189402,
    "macro_f1": 0.5092417155541462,
    "weighted_f1": 0.5168387349570154,
    "confusion_matrix": [
      [
        362,
        563
      ],
      [
        409,
        704
      ]
    ],
    "classification_report": "              precision    recall  f1-score   support\n\n        fake       0.47      0.39      0.43       925\n        true       0.56      0.63      0.59      1113\n\n    accuracy                           0.52      2038\n   macro avg       0.51      0.51      0.51      2038\nweighted avg       0.52      0.52      0.52      2038\n",
    "precision": 0.5556432517758485,
    "recall": 0.6325247079964061,
    "f1": 0.5915966386554622,
    "f2": 0.6154922189193915,
    "roc_auc": 0.49975376994244924
  },
  "accuracy": 0.5230618253189402,
  "macro_f1": 0.5092417155541462,
  "precision": 0.5556432517758485,
  "recall": 0.6325247079964061,
  "f1": 0.5915966386554622,
  "confusion_matrix": [
    [
      362,
      563
    ],
    [
      409,
      704
    ]
  ]
}