{
  "model": "gradient_boosting",
  "display_name": "Gradient Boosting (Engineered Features)",
  "best_params": null,
  "cv_best_macro_f1": null,
  "training_time_seconds": 7.290175599977374,
  "sample_fraction": 0.04,
  "feature_config": {
    "tfidf_max_features": 8000,
    "tfidf_ngram_range": [
      1,
      2
    ],
    "use_char_ngrams": true,
    "char_max_features": 4000,
    "include_text_statistics": true
  },
  "model_input_shape": [
    461,
    1024
  ],
  "model_input_memory_mb": 1.80078125,
  "valid_metrics": {
    "accuracy": 0.5576923076923077,
    "precision": 0.5476190476190477,
    "recall": 0.8518518518518519,
    "f1": 0.6666666666666666,
    "macro_f1": 0.5047619047619047,
    "confusion_matrix": [
      [
        6,
        19
      ],
      [
        4,
        23
      ]
    ],
    "classification_report": "              precision    recall  f1-score   support\n\n        fake       0.60      0.24      0.34        25\n        true       0.55      0.85      0.67        27\n\n    accuracy                           0.56        52\n   macro avg       0.57      0.55      0.50        52\nweighted avg       0.57      0.56      0.51        52\n",
    "roc_auc": 0.5511111111111111,
    "roc_curve": {
      "fpr": [
        0.0,
        0.0,
        0.08,
        0.08,
        0.28,
        0.28,
        0.4,
        0.4,
        0.44,
        0.44,
        0.48,
        0.48,
        0.52,
        0.52,
        0.56,
        0.56,
        0.6,
        0.6,
        0.76,
        0.76,
        0.84,
        0.84,
        1.0,
        1.0
      ],
      "tpr": [
        0.0,
        0.037037037037037035,
        0.037037037037037035,
        0.2222222222222222,
        0.2222222222222222,
        0.25925925925925924,
        0.25925925925925924,
        0.2962962962962963,
        0.2962962962962963,
        0.5555555555555556,
        0.5555555555555556,
        0.6296296296296297,
        0.6296296296296297,
        0.6666666666666666,
        0.6666666666666666,
        0.7777777777777778,
        0.7777777777777778,
        0.8518518518518519,
        0.8518518518518519,
        0.8888888888888888,
        0.8888888888888888,
        0.9259259259259259,
        0.9259259259259259,
        1.0
      ]
    }
  },
  "test_metrics": {
    "accuracy": 0.5490196078431373,
    "precision": 0.5789473684210527,
    "recall": 0.7586206896551724,
    "f1": 0.6567164179104478,
    "macro_f1": 0.4997867803837953,
    "confusion_matrix": [
      [
        6,
        16
      ],
      [
        7,
        22
      ]
    ],
    "classification_report": "              precision    recall  f1-score   support\n\n        fake       0.46      0.27      0.34        22\n        true       0.58      0.76      0.66        29\n\n    accuracy                           0.55        51\n   macro avg       0.52      0.52      0.50        51\nweighted avg       0.53      0.55      0.52        51\n",
    "roc_auc": 0.4655172413793104,
    "roc_curve": {
      "fpr": [
        0.0,
        0.045454545454545456,
        0.09090909090909091,
        0.09090909090909091,
        0.13636363636363635,
        0.13636363636363635,
        0.18181818181818182,
        0.18181818181818182,
        0.22727272727272727,
        0.22727272727272727,
        0.2727272727272727,
        0.2727272727272727,
        0.4090909090909091,
        0.4090909090909091,
        0.45454545454545453,
        0.45454545454545453,
        0.5,
        0.5,
        0.5909090909090909,
        0.5909090909090909,
        0.6818181818181818,
        0.6818181818181818,
        0.7272727272727273,
        0.7272727272727273,
        0.7727272727272727,
        0.7727272727272727,
        0.8181818181818182,
        0.8181818181818182,
        1.0,
        1.0
      ],
      "tpr": [
        0.0,
        0.0,
        0.0,
        0.034482758620689655,
        0.034482758620689655,
        0.06896551724137931,
        0.06896551724137931,
        0.10344827586206896,
        0.10344827586206896,
        0.13793103448275862,
        0.13793103448275862,
        0.2413793103448276,
        0.2413793103448276,
        0.3103448275862069,
        0.3103448275862069,
        0.4482758620689655,
        0.4482758620689655,
        0.5862068965517241,
        0.5862068965517241,
        0.6896551724137931,
        0.6896551724137931,
        0.7241379310344828,
        0.7241379310344828,
        0.7586206896551724,
        0.7586206896551724,
        0.7931034482758621,
        0.7931034482758621,
        0.896551724137931,
        0.896551724137931,
        1.0
      ]
    }
  },
  "dataset_audit": {
    "split_sizes": {
      "train": 409,
      "valid": 52,
      "test": 51
    },
    "original_label_distribution": {
      "train": {
        "barely-true": 1654,
        "false": 1987,
        "half-true": 2112,
        "mostly-true": 1961,
        "pants-fire": 839,
        "true": 1675
      },
      "valid": {
        "barely-true": 237,
        "false": 263,
        "half-true": 248,
        "mostly-true": 251,
        "pants-fire": 116,
        "true": 169
      },
      "test": {
        "barely-true": 212,
        "false": 249,
        "half-true": 265,
        "mostly-true": 241,
        "pants-fire": 92,
        "true": 208
      }
    },
    "binary_label_distribution": {
      "train": {
        "fake": 179,
        "true": 230
      },
      "valid": {
        "fake": 25,
        "true": 27
      },
      "test": {
        "fake": 22,
        "true": 29
      }
    },
    "within_split_duplicates_removed": {
      "train": 12,
      "valid": 0,
      "test": 0
    },
    "cross_split_statement_overlap_removed": {
      "train": 0,
      "valid": 0,
      "test": 0
    },
    "sample_fraction": 0.04,
    "sampled_split_sizes": {
      "train": 409,
      "valid": 52,
      "test": 51
    },
    "sampled_binary_label_distribution": {
      "train": {
        "fake": 179,
        "true": 230
      },
      "valid": {
        "fake": 25,
        "true": 27
      },
      "test": {
        "fake": 22,
        "true": 29
      }
    }
  }
}