{
  "model": "gradient_boosting",
  "display_name": "Gradient Boosting (Engineered Features)",
  "best_params": null,
  "cv_best_macro_f1": null,
  "training_time_seconds": 9.094884100020863,
  "sample_fraction": 0.04,
  "feature_config": {
    "tfidf_max_features": 8000,
    "tfidf_ngram_range": [
      1,
      2
    ],
    "use_char_ngrams": true,
    "char_max_features": 4000,
    "include_text_statistics": true
  },
  "model_input_shape": [
    461,
    1024
  ],
  "model_input_memory_mb": 1.80078125,
  "valid_metrics": {
    "accuracy": 0.6538461538461539,
    "precision": 0.68,
    "recall": 0.6296296296296297,
    "f1": 0.6538461538461539,
    "macro_f1": 0.6538461538461539,
    "confusion_matrix": [
      [
        17,
        8
      ],
      [
        10,
        17
      ]
    ],
    "classification_report": "              precision    recall  f1-score   support\n\n        fake       0.63      0.68      0.65        25\n        true       0.68      0.63      0.65        27\n\n    accuracy                           0.65        52\n   macro avg       0.65      0.65      0.65        52\nweighted avg       0.66      0.65      0.65        52\n",
    "roc_auc": 0.6133333333333333,
    "roc_curve": {
      "fpr": [
        0.0,
        0.04,
        0.04,
        0.08,
        0.08,
        0.12,
        0.12,
        0.16,
        0.16,
        0.2,
        0.2,
        0.24,
        0.24,
        0.32,
        0.32,
        0.36,
        0.36,
        0.4,
        0.4,
        0.64,
        0.64,
        0.68,
        0.68,
        0.72,
        0.72,
        0.76,
        0.76,
        0.8,
        0.8,
        0.92,
        0.92,
        1.0,
        1.0
      ],
      "tpr": [
        0.0,
        0.0,
        0.07407407407407407,
        0.07407407407407407,
        0.1111111111111111,
        0.1111111111111111,
        0.18518518518518517,
        0.18518518518518517,
        0.2222222222222222,
        0.2222222222222222,
        0.4074074074074074,
        0.4074074074074074,
        0.5555555555555556,
        0.5555555555555556,
        0.6296296296296297,
        0.6296296296296297,
        0.6666666666666666,
        0.6666666666666666,
        0.7037037037037037,
        0.7037037037037037,
        0.7407407407407407,
        0.7407407407407407,
        0.7777777777777778,
        0.7777777777777778,
        0.8148148148148148,
        0.8148148148148148,
        0.8518518518518519,
        0.8518518518518519,
        0.8888888888888888,
        0.8888888888888888,
        0.9259259259259259,
        0.9259259259259259,
        1.0
      ]
    }
  },
  "test_metrics": {
    "accuracy": 0.5294117647058824,
    "precision": 0.631578947368421,
    "recall": 0.41379310344827586,
    "f1": 0.5,
    "macro_f1": 0.5277777777777778,
    "confusion_matrix": [
      [
        15,
        7
      ],
      [
        17,
        12
      ]
    ],
    "classification_report": "              precision    recall  f1-score   support\n\n        fake       0.47      0.68      0.56        22\n        true       0.63      0.41      0.50        29\n\n    accuracy                           0.53        51\n   macro avg       0.55      0.55      0.53        51\nweighted avg       0.56      0.53      0.52        51\n",
    "roc_auc": 0.6018808777429467,
    "roc_curve": {
      "fpr": [
        0.0,
        0.0,
        0.0,
        0.045454545454545456,
        0.045454545454545456,
        0.09090909090909091,
        0.09090909090909091,
        0.13636363636363635,
        0.13636363636363635,
        0.18181818181818182,
        0.18181818181818182,
        0.3181818181818182,
        0.3181818181818182,
        0.36363636363636365,
        0.36363636363636365,
        0.5454545454545454,
        0.5454545454545454,
        0.6363636363636364,
        0.6363636363636364,
        0.6818181818181818,
        0.6818181818181818,
        0.7272727272727273,
        0.7272727272727273,
        0.7727272727272727,
        0.7727272727272727,
        0.8636363636363636,
        0.8636363636363636,
        0.9545454545454546,
        0.9545454545454546,
        1.0
      ],
      "tpr": [
        0.0,
        0.034482758620689655,
        0.06896551724137931,
        0.06896551724137931,
        0.27586206896551724,
        0.27586206896551724,
        0.3448275862068966,
        0.3448275862068966,
        0.3793103448275862,
        0.3793103448275862,
        0.41379310344827586,
        0.41379310344827586,
        0.5172413793103449,
        0.5172413793103449,
        0.5862068965517241,
        0.5862068965517241,
        0.6206896551724138,
        0.6206896551724138,
        0.6896551724137931,
        0.6896551724137931,
        0.7241379310344828,
        0.7241379310344828,
        0.7586206896551724,
        0.7586206896551724,
        0.896551724137931,
        0.896551724137931,
        0.9310344827586207,
        0.9310344827586207,
        1.0,
        1.0
      ]
    }
  },
  "dataset_audit": {
    "split_sizes": {
      "train": 409,
      "valid": 52,
      "test": 51
    },
    "original_label_distribution": {
      "train": {
        "barely-true": 1654,
        "false": 1987,
        "half-true": 2112,
        "mostly-true": 1961,
        "pants-fire": 839,
        "true": 1675
      },
      "valid": {
        "barely-true": 237,
        "false": 263,
        "half-true": 248,
        "mostly-true": 251,
        "pants-fire": 116,
        "true": 169
      },
      "test": {
        "barely-true": 212,
        "false": 249,
        "half-true": 265,
        "mostly-true": 241,
        "pants-fire": 92,
        "true": 208
      }
    },
    "binary_label_distribution": {
      "train": {
        "fake": 179,
        "true": 230
      },
      "valid": {
        "fake": 25,
        "true": 27
      },
      "test": {
        "fake": 22,
        "true": 29
      }
    },
    "within_split_duplicates_removed": {
      "train": 12,
      "valid": 0,
      "test": 0
    },
    "cross_split_statement_overlap_removed": {
      "train": 0,
      "valid": 0,
      "test": 0
    },
    "sample_fraction": 0.04,
    "sampled_split_sizes": {
      "train": 409,
      "valid": 52,
      "test": 51
    },
    "sampled_binary_label_distribution": {
      "train": {
        "fake": 179,
        "true": 230
      },
      "valid": {
        "fake": 25,
        "true": 27
      },
      "test": {
        "fake": 22,
        "true": 29
      }
    }
  }
}