{
  "model": "gradient_boosting",
  "display_name": "Gradient Boosting (Engineered Features)",
  "best_params": null,
  "cv_best_macro_f1": null,
  "training_time_seconds": 7.385847900004592,
  "sample_fraction": 0.04,
  "feature_config": {
    "tfidf_max_features": 8000,
    "tfidf_ngram_range": [
      1,
      2
    ],
    "use_char_ngrams": true,
    "char_max_features": 4000,
    "include_text_statistics": true
  },
  "model_input_shape": [
    461,
    1024
  ],
  "model_input_memory_mb": 1.80078125,
  "valid_metrics": {
    "accuracy": 0.46153846153846156,
    "precision": 0.4878048780487805,
    "recall": 0.7407407407407407,
    "f1": 0.5882352941176471,
    "macro_f1": 0.40522875816993464,
    "confusion_matrix": [
      [
        4,
        21
      ],
      [
        7,
        20
      ]
    ],
    "classification_report": "              precision    recall  f1-score   support\n\n        fake       0.36      0.16      0.22        25\n        true       0.49      0.74      0.59        27\n\n    accuracy                           0.46        52\n   macro avg       0.43      0.45      0.41        52\nweighted avg       0.43      0.46      0.41        52\n",
    "roc_auc": 0.4192592592592592,
    "roc_curve": {
      "fpr": [
        0.0,
        0.04,
        0.04,
        0.08,
        0.08,
        0.16,
        0.16,
        0.32,
        0.32,
        0.36,
        0.36,
        0.56,
        0.56,
        0.68,
        0.68,
        0.76,
        0.76,
        0.8,
        0.8,
        0.84,
        0.84,
        0.92,
        0.92,
        1.0,
        1.0
      ],
      "tpr": [
        0.0,
        0.0,
        0.07407407407407407,
        0.07407407407407407,
        0.14814814814814814,
        0.14814814814814814,
        0.2222222222222222,
        0.2222222222222222,
        0.3333333333333333,
        0.3333333333333333,
        0.37037037037037035,
        0.37037037037037035,
        0.4444444444444444,
        0.4444444444444444,
        0.48148148148148145,
        0.48148148148148145,
        0.5925925925925926,
        0.5925925925925926,
        0.6666666666666666,
        0.6666666666666666,
        0.8518518518518519,
        0.8518518518518519,
        0.8888888888888888,
        0.8888888888888888,
        1.0
      ]
    }
  },
  "test_metrics": {
    "accuracy": 0.5490196078431373,
    "precision": 0.6,
    "recall": 0.6206896551724138,
    "f1": 0.6101694915254238,
    "macro_f1": 0.5376428852975956,
    "confusion_matrix": [
      [
        10,
        12
      ],
      [
        11,
        18
      ]
    ],
    "classification_report": "              precision    recall  f1-score   support\n\n        fake       0.48      0.45      0.47        22\n        true       0.60      0.62      0.61        29\n\n    accuracy                           0.55        51\n   macro avg       0.54      0.54      0.54        51\nweighted avg       0.55      0.55      0.55        51\n",
    "roc_auc": 0.5658307210031348,
    "roc_curve": {
      "fpr": [
        0.0,
        0.045454545454545456,
        0.045454545454545456,
        0.13636363636363635,
        0.13636363636363635,
        0.22727272727272727,
        0.22727272727272727,
        0.2727272727272727,
        0.2727272727272727,
        0.36363636363636365,
        0.36363636363636365,
        0.45454545454545453,
        0.45454545454545453,
        0.5,
        0.5,
        0.5454545454545454,
        0.5454545454545454,
        0.5909090909090909,
        0.5909090909090909,
        0.6363636363636364,
        0.6363636363636364,
        0.7272727272727273,
        0.7272727272727273,
        0.7727272727272727,
        0.7727272727272727,
        0.8636363636363636,
        0.8636363636363636,
        0.9090909090909091,
        0.9090909090909091,
        1.0,
        1.0
      ],
      "tpr": [
        0.0,
        0.0,
        0.13793103448275862,
        0.13793103448275862,
        0.1724137931034483,
        0.1724137931034483,
        0.20689655172413793,
        0.20689655172413793,
        0.4827586206896552,
        0.4827586206896552,
        0.5172413793103449,
        0.5172413793103449,
        0.5517241379310345,
        0.5517241379310345,
        0.5862068965517241,
        0.5862068965517241,
        0.6551724137931034,
        0.6551724137931034,
        0.7241379310344828,
        0.7241379310344828,
        0.7931034482758621,
        0.7931034482758621,
        0.8620689655172413,
        0.8620689655172413,
        0.896551724137931,
        0.896551724137931,
        0.9310344827586207,
        0.9310344827586207,
        0.9655172413793104,
        0.9655172413793104,
        1.0
      ]
    }
  },
  "dataset_audit": {
    "split_sizes": {
      "train": 409,
      "valid": 52,
      "test": 51
    },
    "original_label_distribution": {
      "train": {
        "barely-true": 1654,
        "false": 1987,
        "half-true": 2112,
        "mostly-true": 1961,
        "pants-fire": 839,
        "true": 1675
      },
      "valid": {
        "barely-true": 237,
        "false": 263,
        "half-true": 248,
        "mostly-true": 251,
        "pants-fire": 116,
        "true": 169
      },
      "test": {
        "barely-true": 212,
        "false": 249,
        "half-true": 265,
        "mostly-true": 241,
        "pants-fire": 92,
        "true": 208
      }
    },
    "binary_label_distribution": {
      "train": {
        "fake": 179,
        "true": 230
      },
      "valid": {
        "fake": 25,
        "true": 27
      },
      "test": {
        "fake": 22,
        "true": 29
      }
    },
    "within_split_duplicates_removed": {
      "train": 12,
      "valid": 0,
      "test": 0
    },
    "cross_split_statement_overlap_removed": {
      "train": 0,
      "valid": 0,
      "test": 0
    },
    "sample_fraction": 0.04,
    "sampled_split_sizes": {
      "train": 409,
      "valid": 52,
      "test": 51
    },
    "sampled_binary_label_distribution": {
      "train": {
        "fake": 179,
        "true": 230
      },
      "valid": {
        "fake": 25,
        "true": 27
      },
      "test": {
        "fake": 22,
        "true": 29
      }
    }
  }
}