{
  "model": "gradient_boosting",
  "display_name": "Gradient Boosting (Engineered Features)",
  "best_params": null,
  "cv_best_macro_f1": null,
  "training_time_seconds": 10.553064199979417,
  "sample_fraction": 0.1,
  "feature_config": {
    "tfidf_max_features": 8000,
    "tfidf_ngram_range": [
      1,
      2
    ],
    "use_char_ngrams": true,
    "char_max_features": 4000,
    "include_text_statistics": true
  },
  "model_input_shape": [
    1152,
    1024
  ],
  "model_input_memory_mb": 4.5,
  "valid_metrics": {
    "accuracy": 0.5813953488372093,
    "precision": 0.5822784810126582,
    "recall": 0.6865671641791045,
    "f1": 0.6301369863013698,
    "macro_f1": 0.5739970645792564,
    "confusion_matrix": [
      [
        29,
        33
      ],
      [
        21,
        46
      ]
    ],
    "classification_report": "              precision    recall  f1-score   support\n\n        fake       0.58      0.47      0.52        62\n        true       0.58      0.69      0.63        67\n\n    accuracy                           0.58       129\n   macro avg       0.58      0.58      0.57       129\nweighted avg       0.58      0.58      0.58       129\n",
    "roc_auc": 0.5876263842079923,
    "roc_curve": {
      "fpr": [
        0.0,
        0.0,
        0.0,
        0.03225806451612903,
        0.03225806451612903,
        0.08064516129032258,
        0.08064516129032258,
        0.11290322580645161,
        0.11290322580645161,
        0.1774193548387097,
        0.1774193548387097,
        0.1935483870967742,
        0.1935483870967742,
        0.20967741935483872,
        0.20967741935483872,
        0.22580645161290322,
        0.22580645161290322,
        0.27419354838709675,
        0.27419354838709675,
        0.2903225806451613,
        0.2903225806451613,
        0.3064516129032258,
        0.3064516129032258,
        0.3387096774193548,
        0.3387096774193548,
        0.3709677419354839,
        0.3709677419354839,
        0.41935483870967744,
        0.41935483870967744,
        0.43548387096774194,
        0.43548387096774194,
        0.45161290322580644,
        0.45161290322580644,
        0.4838709677419355,
        0.4838709677419355,
        0.5,
        0.5,
        0.5161290322580645,
        0.5161290322580645,
        0.532258064516129,
        0.532258064516129,
        0.5483870967741935,
        0.5483870967741935,
        0.6129032258064516,
        0.6129032258064516,
        0.6451612903225806,
        0.6451612903225806,
        0.6774193548387096,
        0.6774193548387096,
        0.6935483870967742,
        0.6935483870967742,
        0.7258064516129032,
        0.7258064516129032,
        0.7419354838709677,
        0.7419354838709677,
        0.7903225806451613,
        0.7903225806451613,
        0.8870967741935484,
        0.8870967741935484,
        0.9354838709677419,
        0.9354838709677419,
        0.967741935483871,
        0.967741935483871,
        1.0
      ],
      "tpr": [
        0.0,
        0.014925373134328358,
        0.029850746268656716,
        0.029850746268656716,
        0.08955223880597014,
        0.08955223880597014,
        0.1044776119402985,
        0.1044776119402985,
        0.13432835820895522,
        0.13432835820895522,
        0.16417910447761194,
        0.16417910447761194,
        0.23880597014925373,
        0.23880597014925373,
        0.3283582089552239,
        0.3283582089552239,
        0.3880597014925373,
        0.3880597014925373,
        0.417910447761194,
        0.417910447761194,
        0.43283582089552236,
        0.43283582089552236,
        0.44776119402985076,
        0.44776119402985076,
        0.4626865671641791,
        0.4626865671641791,
        0.47761194029850745,
        0.47761194029850745,
        0.4925373134328358,
        0.4925373134328358,
        0.5373134328358209,
        0.5373134328358209,
        0.5522388059701493,
        0.5522388059701493,
        0.5671641791044776,
        0.5671641791044776,
        0.6567164179104478,
        0.6567164179104478,
        0.6716417910447762,
        0.6716417910447762,
        0.7313432835820896,
        0.7313432835820896,
        0.746268656716418,
        0.746268656716418,
        0.7761194029850746,
        0.7761194029850746,
        0.7910447761194029,
        0.7910447761194029,
        0.8208955223880597,
        0.8208955223880597,
        0.8656716417910447,
        0.8656716417910447,
        0.8805970149253731,
        0.8805970149253731,
        0.9104477611940298,
        0.9104477611940298,
        0.9253731343283582,
        0.9253731343283582,
        0.9402985074626866,
        0.9402985074626866,
        0.9701492537313433,
        0.9701492537313433,
        1.0,
        1.0
      ]
    }
  },
  "test_metrics": {
    "accuracy": 0.6031746031746031,
    "precision": 0.6438356164383562,
    "recall": 0.6619718309859155,
    "f1": 0.6527777777777778,
    "macro_f1": 0.5949074074074074,
    "confusion_matrix": [
      [
        29,
        26
      ],
      [
        24,
        47
      ]
    ],
    "classification_report": "              precision    recall  f1-score   support\n\n        fake       0.55      0.53      0.54        55\n        true       0.64      0.66      0.65        71\n\n    accuracy                           0.60       126\n   macro avg       0.60      0.59      0.59       126\nweighted avg       0.60      0.60      0.60       126\n",
    "roc_auc": 0.6192061459667094,
    "roc_curve": {
      "fpr": [
        0.0,
        0.0,
        0.0,
        0.01818181818181818,
        0.01818181818181818,
        0.03636363636363636,
        0.03636363636363636,
        0.07272727272727272,
        0.07272727272727272,
        0.09090909090909091,
        0.09090909090909091,
        0.10909090909090909,
        0.10909090909090909,
        0.12727272727272726,
        0.12727272727272726,
        0.16363636363636364,
        0.16363636363636364,
        0.2,
        0.2,
        0.2545454545454545,
        0.2545454545454545,
        0.2727272727272727,
        0.2727272727272727,
        0.2909090909090909,
        0.2909090909090909,
        0.32727272727272727,
        0.32727272727272727,
        0.34545454545454546,
        0.34545454545454546,
        0.36363636363636365,
        0.36363636363636365,
        0.38181818181818183,
        0.38181818181818183,
        0.45454545454545453,
        0.45454545454545453,
        0.4727272727272727,
        0.4727272727272727,
        0.4909090909090909,
        0.4909090909090909,
        0.509090909090909,
        0.509090909090909,
        0.5272727272727272,
        0.5272727272727272,
        0.5454545454545454,
        0.5454545454545454,
        0.5818181818181818,
        0.5818181818181818,
        0.6,
        0.6,
        0.6181818181818182,
        0.6181818181818182,
        0.6363636363636364,
        0.6363636363636364,
        0.6545454545454545,
        0.6545454545454545,
        0.6909090909090909,
        0.6909090909090909,
        0.7090909090909091,
        0.7090909090909091,
        0.7636363636363637,
        0.7636363636363637,
        0.8,
        0.8,
        0.8727272727272727,
        0.8727272727272727,
        0.9454545454545454,
        0.9454545454545454,
        1.0
      ],