{
  "model": "gradient_boosting",
  "display_name": "Gradient Boosting (Engineered Features)",
  "best_params": null,
  "cv_best_macro_f1": null,
  "training_time_seconds": 10.557707700005267,
  "sample_fraction": 0.1,
  "feature_config": {
    "tfidf_max_features": 8000,
    "tfidf_ngram_range": [
      1,
      2
    ],
    "use_char_ngrams": true,
    "char_max_features": 4000,
    "include_text_statistics": true
  },
  "model_input_shape": [
    1152,
    1024
  ],
  "model_input_memory_mb": 4.5,
  "valid_metrics": {
    "accuracy": 0.5968992248062015,
    "precision": 0.6190476190476191,
    "recall": 0.582089552238806,
    "f1": 0.6,
    "macro_f1": 0.596875,
    "confusion_matrix": [
      [
        38,
        24
      ],
      [
        28,
        39
      ]
    ],
    "classification_report": "              precision    recall  f1-score   support\n\n        fake       0.58      0.61      0.59        62\n        true       0.62      0.58      0.60        67\n\n    accuracy                           0.60       129\n   macro avg       0.60      0.60      0.60       129\nweighted avg       0.60      0.60      0.60       129\n",
    "roc_auc": 0.6369764082811749,
    "roc_curve": {
      "fpr": [
        0.0,
        0.016129032258064516,
        0.016129032258064516,
        0.03225806451612903,
        0.03225806451612903,
        0.04838709677419355,
        0.04838709677419355,
        0.06451612903225806,
        0.06451612903225806,
        0.08064516129032258,
        0.08064516129032258,
        0.0967741935483871,
        0.0967741935483871,
        0.12903225806451613,
        0.12903225806451613,
        0.14516129032258066,
        0.14516129032258066,
        0.16129032258064516,
        0.16129032258064516,
        0.1774193548387097,
        0.1774193548387097,
        0.20967741935483872,
        0.20967741935483872,
        0.25806451612903225,
        0.25806451612903225,
        0.3064516129032258,
        0.3064516129032258,
        0.3225806451612903,
        0.3225806451612903,
        0.3548387096774194,
        0.3548387096774194,
        0.3709677419354839,
        0.3709677419354839,
        0.3870967741935484,
        0.3870967741935484,
        0.46774193548387094,
        0.46774193548387094,
        0.4838709677419355,
        0.4838709677419355,
        0.532258064516129,
        0.532258064516129,
        0.5483870967741935,
        0.5483870967741935,
        0.5806451612903226,
        0.5806451612903226,
        0.6774193548387096,
        0.6774193548387096,
        0.6935483870967742,
        0.6935483870967742,
        0.7258064516129032,
        0.7258064516129032,
        0.7419354838709677,
        0.7419354838709677,
        0.8064516129032258,
        0.8064516129032258,
        0.8225806451612904,
        0.8225806451612904,
        0.9193548387096774,
        0.9193548387096774,
        1.0,
        1.0
      ],
      "tpr": [
        0.0,
        0.0,
        0.014925373134328358,
        0.014925373134328358,
        0.08955223880597014,
        0.08955223880597014,
        0.13432835820895522,
        0.13432835820895522,
        0.19402985074626866,
        0.19402985074626866,
        0.22388059701492538,
        0.22388059701492538,
        0.26865671641791045,
        0.26865671641791045,
        0.31343283582089554,
        0.31343283582089554,
        0.3582089552238806,
        0.3582089552238806,
        0.3880597014925373,
        0.3880597014925373,
        0.40298507462686567,
        0.40298507462686567,
        0.417910447761194,
        0.417910447761194,
        0.43283582089552236,
        0.43283582089552236,
        0.44776119402985076,
        0.44776119402985076,
        0.4626865671641791,
        0.4626865671641791,
        0.4925373134328358,
        0.4925373134328358,
        0.5671641791044776,
        0.5671641791044776,
        0.6268656716417911,
        0.6268656716417911,
        0.6417910447761194,
        0.6417910447761194,
        0.7014925373134329,
        0.7014925373134329,
        0.7164179104477612,
        0.7164179104477612,
        0.7611940298507462,
        0.7611940298507462,
        0.8059701492537313,
        0.8059701492537313,
        0.835820895522388,
        0.835820895522388,
        0.8507462686567164,
        0.8507462686567164,
        0.8805970149253731,
        0.8805970149253731,
        0.8955223880597015,
        0.8955223880597015,
        0.9253731343283582,
        0.9253731343283582,
        0.9402985074626866,
        0.9402985074626866,
        0.9850746268656716,
        0.9850746268656716,
        1.0
      ]
    }
  },
  "test_metrics": {
    "accuracy": 0.5793650793650794,
    "precision": 0.6125,
    "recall": 0.6901408450704225,
    "f1": 0.6490066225165563,
    "macro_f1": 0.5621270736345158,
    "confusion_matrix": [
      [
        24,
        31
      ],
      [
        22,
        49
      ]
    ],
    "classification_report": "              precision    recall  f1-score   support\n\n        fake       0.52      0.44      0.48        55\n        true       0.61      0.69      0.65        71\n\n    accuracy                           0.58       126\n   macro avg       0.57      0.56      0.56       126\nweighted avg       0.57      0.58      0.57       126\n",
    "roc_auc": 0.6007682458386684,
    "roc_curve": {
      "fpr": [
        0.0,
        0.01818181818181818,
        0.05454545454545454,
        0.05454545454545454,
        0.07272727272727272,
        0.07272727272727272,
        0.09090909090909091,
        0.09090909090909091,
        0.10909090909090909,
        0.10909090909090909,
        0.12727272727272726,
        0.12727272727272726,
        0.14545454545454545,
        0.14545454545454545,
        0.18181818181818182,
        0.18181818181818182,
        0.21818181818181817,
        0.21818181818181817,
        0.2727272727272727,
        0.2727272727272727,
        0.3090909090909091,
        0.3090909090909091,
        0.36363636363636365,
        0.36363636363636365,
        0.4,
        0.4,
        0.41818181818181815,
        0.41818181818181815,
        0.43636363636363634,
        0.43636363636363634,
        0.45454545454545453,
        0.45454545454545453,
        0.4727272727272727,
        0.4727272727272727,
        0.4909090909090909,
        0.4909090909090909,
        0.5272727272727272,
        0.5272727272727272,
        0.5454545454545454,
        0.5454545454545454,
        0.5636363636363636,
        0.5636363636363636,
        0.5818181818181818,
        0.5818181818181818,
        0.6,
        0.6,
        0.6181818181818182,
        0.6181818181818182,
        0.6545454545454545,
        0.6545454545454545,
        0.7090909090909091,
        0.7090909090909091,
        0.7636363636363637,
        0.7636363636363637,
        0.8,
        0.8,
        0.8363636363636363,
        0.8363636363636363,
        0.8727272727272727,
        0.8727272727272727,
        0.8909090909090909,
        0.8909090909090909,
        0.9454545454545454,
        0.9454545454545454,
        0.9818181818181818,
        0.9818181818181818,
        1.0
      ],