{
  "model": "gradient_boosting",
  "display_name": "Gradient Boosting (Engineered Features)",
  "best_params": null,
  "cv_best_macro_f1": null,
  "training_time_seconds": 16.21570440000005,
  "sample_fraction": 0.1,
  "feature_config": {
    "tfidf_max_features": 8000,
    "tfidf_ngram_range": [
      1,
      2
    ],
    "use_char_ngrams": true,
    "char_max_features": 4000,
    "include_text_statistics": true
  },
  "model_input_shape": [
    1152,
    1024
  ],
  "model_input_memory_mb": 4.5,
  "valid_metrics": {
    "accuracy": 0.6434108527131783,
    "precision": 0.6363636363636364,
    "recall": 0.7313432835820896,
    "f1": 0.6805555555555556,
    "macro_f1": 0.6385233918128654,
    "confusion_matrix": [
      [
        34,
        28
      ],
      [
        18,
        49
      ]
    ],
    "classification_report": "              precision    recall  f1-score   support\n\n        fake       0.65      0.55      0.60        62\n        true       0.64      0.73      0.68        67\n\n    accuracy                           0.64       129\n   macro avg       0.65      0.64      0.64       129\nweighted avg       0.64      0.64      0.64       129\n",
    "roc_auc": 0.6562349542609532,
    "roc_curve": {
      "fpr": [
        0.0,
        0.016129032258064516,
        0.016129032258064516,
        0.03225806451612903,
        0.03225806451612903,
        0.04838709677419355,
        0.04838709677419355,
        0.11290322580645161,
        0.11290322580645161,
        0.12903225806451613,
        0.12903225806451613,
        0.14516129032258066,
        0.14516129032258066,
        0.16129032258064516,
        0.16129032258064516,
        0.1774193548387097,
        0.1774193548387097,
        0.1935483870967742,
        0.1935483870967742,
        0.20967741935483872,
        0.20967741935483872,
        0.22580645161290322,
        0.22580645161290322,
        0.24193548387096775,
        0.24193548387096775,
        0.25806451612903225,
        0.25806451612903225,
        0.27419354838709675,
        0.27419354838709675,
        0.2903225806451613,
        0.2903225806451613,
        0.3225806451612903,
        0.3225806451612903,
        0.3387096774193548,
        0.3387096774193548,
        0.3548387096774194,
        0.3548387096774194,
        0.3870967741935484,
        0.3870967741935484,
        0.4032258064516129,
        0.4032258064516129,
        0.41935483870967744,
        0.41935483870967744,
        0.43548387096774194,
        0.43548387096774194,
        0.46774193548387094,
        0.46774193548387094,
        0.4838709677419355,
        0.4838709677419355,
        0.5645161290322581,
        0.5645161290322581,
        0.5806451612903226,
        0.5806451612903226,
        0.5967741935483871,
        0.5967741935483871,
        0.6129032258064516,
        0.6129032258064516,
        0.7419354838709677,
        0.7419354838709677,
        0.967741935483871,
        0.967741935483871,
        1.0
      ],
      "tpr": [
        0.0,
        0.0,
        0.014925373134328358,
        0.014925373134328358,
        0.07462686567164178,
        0.07462686567164178,
        0.1044776119402985,
        0.1044776119402985,
        0.13432835820895522,
        0.13432835820895522,
        0.1791044776119403,
        0.1791044776119403,
        0.23880597014925373,
        0.23880597014925373,
        0.2835820895522388,
        0.2835820895522388,
        0.31343283582089554,
        0.31343283582089554,
        0.34328358208955223,
        0.34328358208955223,
        0.3582089552238806,
        0.3582089552238806,
        0.373134328358209,
        0.373134328358209,
        0.3880597014925373,
        0.3880597014925373,
        0.417910447761194,
        0.417910447761194,
        0.43283582089552236,
        0.43283582089552236,
        0.5074626865671642,
        0.5074626865671642,
        0.5373134328358209,
        0.5373134328358209,
        0.582089552238806,
        0.582089552238806,
        0.5970149253731343,
        0.5970149253731343,
        0.6119402985074627,
        0.6119402985074627,
        0.6268656716417911,
        0.6268656716417911,
        0.7014925373134329,
        0.7014925373134329,
        0.7313432835820896,
        0.7313432835820896,
        0.746268656716418,
        0.746268656716418,
        0.8208955223880597,
        0.8208955223880597,
        0.8507462686567164,
        0.8507462686567164,
        0.8656716417910447,
        0.8656716417910447,
        0.8805970149253731,
        0.8805970149253731,
        0.8955223880597015,
        0.8955223880597015,
        0.9552238805970149,
        0.9552238805970149,
        1.0,
        1.0
      ]
    }
  },
  "test_metrics": {
    "accuracy": 0.5396825396825397,
    "precision": 0.5802469135802469,
    "recall": 0.6619718309859155,
    "f1": 0.618421052631579,
    "macro_f1": 0.5192105263157895,
    "confusion_matrix": [
      [
        21,
        34
      ],
      [
        24,
        47
      ]
    ],
    "classification_report": "              precision    recall  f1-score   support\n\n        fake       0.47      0.38      0.42        55\n        true       0.58      0.66      0.62        71\n\n    accuracy                           0.54       126\n   macro avg       0.52      0.52      0.52       126\nweighted avg       0.53      0.54      0.53       126\n",
    "roc_auc": 0.5825864276568501,
    "roc_curve": {
      "fpr": [
        0.0,
        0.0,
        0.0,
        0.01818181818181818,
        0.01818181818181818,
        0.03636363636363636,
        0.03636363636363636,
        0.09090909090909091,
        0.09090909090909091,
        0.10909090909090909,
        0.10909090909090909,
        0.12727272727272726,
        0.12727272727272726,
        0.14545454545454545,
        0.14545454545454545,
        0.18181818181818182,
        0.18181818181818182,
        0.2,
        0.2,
        0.23636363636363636,
        0.23636363636363636,
        0.2545454545454545,
        0.2545454545454545,
        0.2909090909090909,
        0.2909090909090909,
        0.32727272727272727,
        0.32727272727272727,
        0.4,
        0.4,
        0.4727272727272727,
        0.4727272727272727,
        0.4909090909090909,
        0.4909090909090909,
        0.5454545454545454,
        0.5454545454545454,
        0.5818181818181818,
        0.5818181818181818,
        0.6181818181818182,
        0.6181818181818182,
        0.6545454545454545,
        0.6545454545454545,
        0.6727272727272727,
        0.6727272727272727,
        0.6909090909090909,
        0.6909090909090909,
        0.7090909090909091,
        0.7090909090909091,
        0.7636363636363637,
        0.7636363636363637,
        0.8,
        0.8,
        0.8181818181818182,
        0.8181818181818182,
        0.8545454545454545,
        0.8545454545454545,
        0.8909090909090909,
        0.8909090909090909,
        0.9454545454545454,
        0.9454545454545454,
        0.9636363636363636,
        0.9636363636363636,
        1.0,
        1.0
      ],