{
  "model": "random_forest",
  "display_name": "Random Forest (TF-IDF)",
  "best_params": null,
  "cv_best_macro_f1": null,
  "training_time_seconds": 6.365952800000059,
  "sample_fraction": 0.1,
  "feature_config": {
    "tfidf_max_features": 6000,
    "tfidf_ngram_range": [
      1,
      2
    ],
    "use_char_ngrams": true,
    "char_max_features": 4000,
    "include_text_statistics": false
  },
  "model_input_shape": [
    1152,
    1500
  ],
  "model_input_memory_mb": 6.591796875,
  "valid_metrics": {
    "accuracy": 0.6821705426356589,
    "precision": 0.6756756756756757,
    "recall": 0.746268656716418,
    "f1": 0.7092198581560284,
    "macro_f1": 0.679396253864339,
    "confusion_matrix": [
      [
        38,
        24
      ],
      [
        17,
        50
      ]
    ],
    "classification_report": "              precision    recall  f1-score   support\n\n        fake       0.69      0.61      0.65        62\n        true       0.68      0.75      0.71        67\n\n    accuracy                           0.68       129\n   macro avg       0.68      0.68      0.68       129\nweighted avg       0.68      0.68      0.68       129\n",
    "roc_auc": 0.7265286470871449,
    "roc_curve": {
      "fpr": [
        0.0,
        0.0,
        0.0,
        0.016129032258064516,
        0.016129032258064516,
        0.03225806451612903,
        0.03225806451612903,
        0.04838709677419355,
        0.04838709677419355,
        0.06451612903225806,
        0.06451612903225806,
        0.08064516129032258,
        0.08064516129032258,
        0.0967741935483871,
        0.0967741935483871,
        0.12903225806451613,
        0.12903225806451613,
        0.14516129032258066,
        0.14516129032258066,
        0.16129032258064516,
        0.16129032258064516,
        0.1774193548387097,
        0.1774193548387097,
        0.20967741935483872,
        0.20967741935483872,
        0.22580645161290322,
        0.22580645161290322,
        0.24193548387096775,
        0.24193548387096775,
        0.3064516129032258,
        0.3064516129032258,
        0.3225806451612903,
        0.3225806451612903,
        0.3387096774193548,
        0.3387096774193548,
        0.3548387096774194,
        0.3548387096774194,
        0.3709677419354839,
        0.3709677419354839,
        0.3870967741935484,
        0.3870967741935484,
        0.4032258064516129,
        0.4032258064516129,
        0.45161290322580644,
        0.45161290322580644,
        0.5,
        0.5,
        0.5161290322580645,
        0.5161290322580645,
        0.5645161290322581,
        0.5645161290322581,
        0.5967741935483871,
        0.5967741935483871,
        0.6451612903225806,
        0.6451612903225806,
        0.7419354838709677,
        0.7419354838709677,
        0.7741935483870968,
        0.7741935483870968,
        0.7903225806451613,
        0.7903225806451613,
        0.8387096774193549,
        0.8387096774193549,
        0.9032258064516129,
        0.9032258064516129,
        0.9354838709677419,
        0.9354838709677419,
        1.0,
        1.0
      ],
      "tpr": [
        0.0,
        0.014925373134328358,
        0.04477611940298507,
        0.04477611940298507,
        0.16417910447761194,
        0.16417910447761194,
        0.26865671641791045,
        0.26865671641791045,
        0.3283582089552239,
        0.3283582089552239,
        0.34328358208955223,
        0.34328358208955223,
        0.3880597014925373,
        0.3880597014925373,
        0.40298507462686567,
        0.40298507462686567,
        0.43283582089552236,
        0.43283582089552236,
        0.4626865671641791,
        0.4626865671641791,
        0.4925373134328358,
        0.4925373134328358,
        0.5074626865671642,
        0.5074626865671642,
        0.5373134328358209,
        0.5373134328358209,
        0.6119402985074627,
        0.6119402985074627,
        0.6268656716417911,
        0.6268656716417911,
        0.6417910447761194,
        0.6417910447761194,
        0.6716417910447762,
        0.6716417910447762,
        0.6865671641791045,
        0.6865671641791045,
        0.7014925373134329,
        0.7014925373134329,
        0.7164179104477612,
        0.7164179104477612,
        0.746268656716418,
        0.746268656716418,
        0.7611940298507462,
        0.7611940298507462,
        0.7910447761194029,
        0.7910447761194029,
        0.8059701492537313,
        0.8059701492537313,
        0.8208955223880597,
        0.8208955223880597,
        0.835820895522388,
        0.835820895522388,
        0.8507462686567164,
        0.8507462686567164,
        0.8656716417910447,
        0.8656716417910447,
        0.8805970149253731,
        0.8805970149253731,
        0.8955223880597015,
        0.8955223880597015,
        0.9253731343283582,
        0.9253731343283582,
        0.9552238805970149,
        0.9552238805970149,
        0.9701492537313433,
        0.9701492537313433,
        0.9850746268656716,
        0.9850746268656716,
        1.0
      ]
    }
  },
  "test_metrics": {
    "accuracy": 0.6825396825396826,
    "precision": 0.746031746031746,
    "recall": 0.6619718309859155,
    "f1": 0.7014925373134329,
    "macro_f1": 0.6812547432329876,
    "confusion_matrix": [
      [
        39,
        16
      ],
      [
        24,
        47
      ]
    ],
    "classification_report": "              precision    recall  f1-score   support\n\n        fake       0.62      0.71      0.66        55\n        true       0.75      0.66      0.70        71\n\n    accuracy                           0.68       126\n   macro avg       0.68      0.69      0.68       126\nweighted avg       0.69      0.68      0.68       126\n",
    "roc_auc": 0.7216389244558258,
    "roc_curve": {
      "fpr": [
        0.0,
        0.0,
        0.0,
        0.01818181818181818,
        0.01818181818181818,
        0.05454545454545454,
        0.05454545454545454,
        0.09090909090909091,
        0.09090909090909091,
        0.12727272727272726,
        0.12727272727272726,
        0.14545454545454545,
        0.14545454545454545,
        0.16363636363636364,
        0.16363636363636364,
        0.2,
        0.2,
        0.21818181818181817,
        0.21818181818181817,
        0.23636363636363636,
        0.23636363636363636,
        0.2545454545454545,
        0.2545454545454545,
        0.3090909090909091,
        0.3090909090909091,
        0.36363636363636365,
        0.36363636363636365,
        0.45454545454545453,
        0.45454545454545453,
        0.5818181818181818,
        0.5818181818181818,
        0.6181818181818182,
        0.6181818181818182,
        0.6545454545454545,
        0.6545454545454545,
        0.6727272727272727,
        0.6727272727272727,
        0.6909090909090909,
        0.6909090909090909,
        0.7090909090909091,
        0.7090909090909091,
        0.7454545454545455,
        0.7454545454545455,
        0.8,
        0.8,
        0.8545454545454545,
        0.8545454545454545,
        0.8909090909090909,
        0.8909090909090909,
        0.9272727272727272,
        0.9272727272727272,
        1.0
      ],