{
  "model": "random_forest",
  "display_name": "Random Forest (TF-IDF)",
  "best_params": null,
  "cv_best_macro_f1": null,
  "training_time_seconds": 4.086309000034817,
  "sample_fraction": 0.04,
  "feature_config": {
    "tfidf_max_features": 6000,
    "tfidf_ngram_range": [
      1,
      2
    ],
    "use_char_ngrams": true,
    "char_max_features": 4000,
    "include_text_statistics": false
  },
  "model_input_shape": [
    461,
    1500
  ],
  "model_input_memory_mb": 2.6378631591796875,
  "valid_metrics": {
    "accuracy": 0.6346153846153846,
    "precision": 0.6176470588235294,
    "recall": 0.7777777777777778,
    "f1": 0.6885245901639344,
    "macro_f1": 0.6233320625238277,
    "confusion_matrix": [
      [
        12,
        13
      ],
      [
        6,
        21
      ]
    ],
    "classification_report": "              precision    recall  f1-score   support\n\n        fake       0.67      0.48      0.56        25\n        true       0.62      0.78      0.69        27\n\n    accuracy                           0.63        52\n   macro avg       0.64      0.63      0.62        52\nweighted avg       0.64      0.63      0.63        52\n",
    "roc_auc": 0.6459259259259259,
    "roc_curve": {
      "fpr": [
        0.0,
        0.0,
        0.04,
        0.04,
        0.08,
        0.08,
        0.2,
        0.2,
        0.24,
        0.24,
        0.28,
        0.28,
        0.32,
        0.32,
        0.36,
        0.36,
        0.4,
        0.4,
        0.52,
        0.52,
        0.56,
        0.56,
        0.76,
        0.76,
        0.96,
        0.96,
        1.0
      ],
      "tpr": [
        0.0,
        0.037037037037037035,
        0.037037037037037035,
        0.2222222222222222,
        0.2222222222222222,
        0.25925925925925924,
        0.25925925925925924,
        0.2962962962962963,
        0.2962962962962963,
        0.4074074074074074,
        0.4074074074074074,
        0.4444444444444444,
        0.4444444444444444,
        0.48148148148148145,
        0.48148148148148145,
        0.5185185185185185,
        0.5185185185185185,
        0.6296296296296297,
        0.6296296296296297,
        0.8148148148148148,
        0.8148148148148148,
        0.8888888888888888,
        0.8888888888888888,
        0.9629629629629629,
        0.9629629629629629,
        1.0,
        1.0
      ]
    }
  },
  "test_metrics": {
    "accuracy": 0.6862745098039216,
    "precision": 0.7096774193548387,
    "recall": 0.7586206896551724,
    "f1": 0.7333333333333333,
    "macro_f1": 0.6761904761904762,
    "confusion_matrix": [
      [
        13,
        9
      ],
      [
        7,
        22
      ]
    ],
    "classification_report": "              precision    recall  f1-score   support\n\n        fake       0.65      0.59      0.62        22\n        true       0.71      0.76      0.73        29\n\n    accuracy                           0.69        51\n   macro avg       0.68      0.67      0.68        51\nweighted avg       0.68      0.69      0.68        51\n",
    "roc_auc": 0.64576802507837,
    "roc_curve": {
      "fpr": [
        0.0,
        0.045454545454545456,
        0.045454545454545456,
        0.09090909090909091,
        0.09090909090909091,
        0.13636363636363635,
        0.13636363636363635,
        0.18181818181818182,
        0.18181818181818182,
        0.22727272727272727,
        0.22727272727272727,
        0.2727272727272727,
        0.2727272727272727,
        0.3181818181818182,
        0.3181818181818182,
        0.4090909090909091,
        0.4090909090909091,
        0.5454545454545454,
        0.5454545454545454,
        0.6818181818181818,
        0.6818181818181818,
        0.8181818181818182,
        0.8181818181818182,
        0.9090909090909091,
        0.9090909090909091,
        0.9545454545454546,
        0.9545454545454546,
        1.0
      ],
      "tpr": [
        0.0,
        0.0,
        0.20689655172413793,
        0.20689655172413793,
        0.27586206896551724,
        0.27586206896551724,
        0.3103448275862069,
        0.3103448275862069,
        0.3448275862068966,
        0.3448275862068966,
        0.41379310344827586,
        0.41379310344827586,
        0.5862068965517241,
        0.5862068965517241,
        0.6206896551724138,
        0.6206896551724138,
        0.7586206896551724,
        0.7586206896551724,
        0.7931034482758621,
        0.7931034482758621,
        0.8275862068965517,
        0.8275862068965517,
        0.8620689655172413,
        0.8620689655172413,
        0.9655172413793104,
        0.9655172413793104,
        1.0,
        1.0
      ]
    }
  },
  "dataset_audit": {
    "split_sizes": {
      "train": 409,
      "valid": 52,
      "test": 51
    },
    "original_label_distribution": {
      "train": {
        "barely-true": 1654,
        "false": 1987,
        "half-true": 2112,
        "mostly-true": 1961,
        "pants-fire": 839,
        "true": 1675
      },
      "valid": {
        "barely-true": 237,
        "false": 263,
        "half-true": 248,
        "mostly-true": 251,
        "pants-fire": 116,
        "true": 169
      },
      "test": {
        "barely-true": 212,
        "false": 249,
        "half-true": 265,
        "mostly-true": 241,
        "pants-fire": 92,
        "true": 208
      }
    },
    "binary_label_distribution": {
      "train": {
        "fake": 179,
        "true": 230
      },
      "valid": {
        "fake": 25,
        "true": 27
      },
      "test": {
        "fake": 22,
        "true": 29
      }
    },
    "within_split_duplicates_removed": {
      "train": 12,
      "valid": 0,
      "test": 0
    },
    "cross_split_statement_overlap_removed": {
      "train": 0,
      "valid": 0,
      "test": 0
    },
    "sample_fraction": 0.04,
    "sampled_split_sizes": {
      "train": 409,
      "valid": 52,
      "test": 51
    },
    "sampled_binary_label_distribution": {
      "train": {
        "fake": 179,
        "true": 230
      },
      "valid": {
        "fake": 25,
        "true": 27
      },
      "test": {
        "fake": 22,
        "true": 29
      }
    }
  }
}