{
  "model": "random_forest",
  "display_name": "Random Forest (TF-IDF)",
  "best_params": null,
  "cv_best_macro_f1": null,
  "training_time_seconds": 3.079700000002049,
  "sample_fraction": 0.04,
  "feature_config": {
    "tfidf_max_features": 6000,
    "tfidf_ngram_range": [
      1,
      2
    ],
    "use_char_ngrams": true,
    "char_max_features": 4000,
    "include_text_statistics": false
  },
  "model_input_shape": [
    461,
    1500
  ],
  "model_input_memory_mb": 2.6378631591796875,
  "valid_metrics": {
    "accuracy": 0.6923076923076923,
    "precision": 0.6571428571428571,
    "recall": 0.8518518518518519,
    "f1": 0.7419354838709677,
    "macro_f1": 0.6804915514592934,
    "confusion_matrix": [
      [
        13,
        12
      ],
      [
        4,
        23
      ]
    ],
    "classification_report": "              precision    recall  f1-score   support\n\n        fake       0.76      0.52      0.62        25\n        true       0.66      0.85      0.74        27\n\n    accuracy                           0.69        52\n   macro avg       0.71      0.69      0.68        52\nweighted avg       0.71      0.69      0.68        52\n",
    "roc_auc": 0.6962962962962962,
    "roc_curve": {
      "fpr": [
        0.0,
        0.0,
        0.04,
        0.04,
        0.12,
        0.12,
        0.2,
        0.2,
        0.24,
        0.24,
        0.28,
        0.28,
        0.32,
        0.32,
        0.44,
        0.44,
        0.6,
        0.6,
        0.8,
        0.8,
        0.88,
        0.88,
        0.92,
        0.92,
        1.0
      ],
      "tpr": [
        0.0,
        0.037037037037037035,
        0.037037037037037035,
        0.07407407407407407,
        0.07407407407407407,
        0.2222222222222222,
        0.2222222222222222,
        0.48148148148148145,
        0.48148148148148145,
        0.5555555555555556,
        0.5555555555555556,
        0.6296296296296297,
        0.6296296296296297,
        0.8148148148148148,
        0.8148148148148148,
        0.8518518518518519,
        0.8518518518518519,
        0.8888888888888888,
        0.8888888888888888,
        0.9259259259259259,
        0.9259259259259259,
        0.9629629629629629,
        0.9629629629629629,
        1.0,
        1.0
      ]
    }
  },
  "test_metrics": {
    "accuracy": 0.6274509803921569,
    "precision": 0.6470588235294118,
    "recall": 0.7586206896551724,
    "f1": 0.6984126984126984,
    "macro_f1": 0.6056166056166056,
    "confusion_matrix": [
      [
        10,
        12
      ],
      [
        7,
        22
      ]
    ],
    "classification_report": "              precision    recall  f1-score   support\n\n        fake       0.59      0.45      0.51        22\n        true       0.65      0.76      0.70        29\n\n    accuracy                           0.63        51\n   macro avg       0.62      0.61      0.61        51\nweighted avg       0.62      0.63      0.62        51\n",
    "roc_auc": 0.6880877742946708,
    "roc_curve": {
      "fpr": [
        0.0,
        0.0,
        0.0,
        0.045454545454545456,
        0.045454545454545456,
        0.09090909090909091,
        0.09090909090909091,
        0.13636363636363635,
        0.13636363636363635,
        0.3181818181818182,
        0.3181818181818182,
        0.36363636363636365,
        0.36363636363636365,
        0.4090909090909091,
        0.4090909090909091,
        0.5454545454545454,
        0.5454545454545454,
        0.6363636363636364,
        0.6363636363636364,
        0.6818181818181818,
        0.6818181818181818,
        0.8181818181818182,
        0.8181818181818182,
        0.8636363636363636,
        0.8636363636363636,
        0.9090909090909091,
        0.9090909090909091,
        0.9545454545454546,
        0.9545454545454546,
        1.0
      ],
      "tpr": [
        0.0,
        0.034482758620689655,
        0.06896551724137931,
        0.06896551724137931,
        0.2413793103448276,
        0.2413793103448276,
        0.3793103448275862,
        0.3793103448275862,
        0.5517241379310345,
        0.5517241379310345,
        0.5862068965517241,
        0.5862068965517241,
        0.6896551724137931,
        0.6896551724137931,
        0.7241379310344828,
        0.7241379310344828,
        0.7931034482758621,
        0.7931034482758621,
        0.8275862068965517,
        0.8275862068965517,
        0.8620689655172413,
        0.8620689655172413,
        0.896551724137931,
        0.896551724137931,
        0.9310344827586207,
        0.9310344827586207,
        0.9655172413793104,
        0.9655172413793104,
        1.0,
        1.0
      ]
    }
  },
  "dataset_audit": {
    "split_sizes": {
      "train": 409,
      "valid": 52,
      "test": 51
    },
    "original_label_distribution": {
      "train": {
        "barely-true": 1654,
        "false": 1987,
        "half-true": 2112,
        "mostly-true": 1961,
        "pants-fire": 839,
        "true": 1675
      },
      "valid": {
        "barely-true": 237,
        "false": 263,
        "half-true": 248,
        "mostly-true": 251,
        "pants-fire": 116,
        "true": 169
      },
      "test": {
        "barely-true": 212,
        "false": 249,
        "half-true": 265,
        "mostly-true": 241,
        "pants-fire": 92,
        "true": 208
      }
    },
    "binary_label_distribution": {
      "train": {
        "fake": 179,
        "true": 230
      },
      "valid": {
        "fake": 25,
        "true": 27
      },
      "test": {
        "fake": 22,
        "true": 29
      }
    },
    "within_split_duplicates_removed": {
      "train": 12,
      "valid": 0,
      "test": 0
    },
    "cross_split_statement_overlap_removed": {
      "train": 0,
      "valid": 0,
      "test": 0
    },
    "sample_fraction": 0.04,
    "sampled_split_sizes": {
      "train": 409,
      "valid": 52,
      "test": 51
    },
    "sampled_binary_label_distribution": {
      "train": {
        "fake": 179,
        "true": 230
      },
      "valid": {
        "fake": 25,
        "true": 27
      },
      "test": {
        "fake": 22,
        "true": 29
      }
    }
  }
}