{
  "model": "random_forest",
  "display_name": "Random Forest (TF-IDF)",
  "best_params": null,
  "cv_best_macro_f1": null,
  "training_time_seconds": 3.883960200008005,
  "sample_fraction": 0.04,
  "feature_config": {
    "tfidf_max_features": 6000,
    "tfidf_ngram_range": [
      1,
      2
    ],
    "use_char_ngrams": true,
    "char_max_features": 4000,
    "include_text_statistics": false
  },
  "model_input_shape": [
    461,
    1500
  ],
  "model_input_memory_mb": 2.6378631591796875,
  "valid_metrics": {
    "accuracy": 0.6538461538461539,
    "precision": 0.6551724137931034,
    "recall": 0.7037037037037037,
    "f1": 0.6785714285714286,
    "macro_f1": 0.6517857142857143,
    "confusion_matrix": [
      [
        15,
        10
      ],
      [
        8,
        19
      ]
    ],
    "classification_report": "              precision    recall  f1-score   support\n\n        fake       0.65      0.60      0.62        25\n        true       0.66      0.70      0.68        27\n\n    accuracy                           0.65        52\n   macro avg       0.65      0.65      0.65        52\nweighted avg       0.65      0.65      0.65        52\n",
    "roc_auc": 0.7333333333333334,
    "roc_curve": {
      "fpr": [
        0.0,
        0.0,
        0.04,
        0.04,
        0.08,
        0.08,
        0.12,
        0.12,
        0.16,
        0.16,
        0.32,
        0.32,
        0.36,
        0.36,
        0.4,
        0.4,
        0.6,
        0.6,
        0.68,
        0.68,
        0.8,
        0.8,
        0.88,
        0.88,
        1.0
      ],
      "tpr": [
        0.0,
        0.037037037037037035,
        0.037037037037037035,
        0.2222222222222222,
        0.2222222222222222,
        0.3333333333333333,
        0.3333333333333333,
        0.5185185185185185,
        0.5185185185185185,
        0.5925925925925926,
        0.5925925925925926,
        0.6296296296296297,
        0.6296296296296297,
        0.6666666666666666,
        0.6666666666666666,
        0.8148148148148148,
        0.8148148148148148,
        0.8888888888888888,
        0.8888888888888888,
        0.9259259259259259,
        0.9259259259259259,
        0.9629629629629629,
        0.9629629629629629,
        1.0,
        1.0
      ]
    }
  },
  "test_metrics": {
    "accuracy": 0.6666666666666666,
    "precision": 0.7,
    "recall": 0.7241379310344828,
    "f1": 0.711864406779661,
    "macro_f1": 0.6582577847851794,
    "confusion_matrix": [
      [
        13,
        9
      ],
      [
        8,
        21
      ]
    ],
    "classification_report": "              precision    recall  f1-score   support\n\n        fake       0.62      0.59      0.60        22\n        true       0.70      0.72      0.71        29\n\n    accuracy                           0.67        51\n   macro avg       0.66      0.66      0.66        51\nweighted avg       0.67      0.67      0.67        51\n",
    "roc_auc": 0.719435736677116,
    "roc_curve": {
      "fpr": [
        0.0,
        0.0,
        0.045454545454545456,
        0.045454545454545456,
        0.13636363636363635,
        0.13636363636363635,
        0.2727272727272727,
        0.2727272727272727,
        0.3181818181818182,
        0.3181818181818182,
        0.4090909090909091,
        0.4090909090909091,
        0.5454545454545454,
        0.5454545454545454,
        0.6363636363636364,
        0.6363636363636364,
        0.6818181818181818,
        0.6818181818181818,
        0.7272727272727273,
        0.7272727272727273,
        1.0,
        1.0
      ],
      "tpr": [
        0.0,
        0.034482758620689655,
        0.034482758620689655,
        0.3103448275862069,
        0.3103448275862069,
        0.4827586206896552,
        0.4827586206896552,
        0.5517241379310345,
        0.5517241379310345,
        0.7241379310344828,
        0.7241379310344828,
        0.7931034482758621,
        0.7931034482758621,
        0.8620689655172413,
        0.8620689655172413,
        0.896551724137931,
        0.896551724137931,
        0.9310344827586207,
        0.9310344827586207,
        0.9655172413793104,
        0.9655172413793104,
        1.0
      ]
    }
  },
  "dataset_audit": {
    "split_sizes": {
      "train": 409,
      "valid": 52,
      "test": 51
    },
    "original_label_distribution": {
      "train": {
        "barely-true": 1654,
        "false": 1987,
        "half-true": 2112,
        "mostly-true": 1961,
        "pants-fire": 839,
        "true": 1675
      },
      "valid": {
        "barely-true": 237,
        "false": 263,
        "half-true": 248,
        "mostly-true": 251,
        "pants-fire": 116,
        "true": 169
      },
      "test": {
        "barely-true": 212,
        "false": 249,
        "half-true": 265,
        "mostly-true": 241,
        "pants-fire": 92,
        "true": 208
      }
    },
    "binary_label_distribution": {
      "train": {
        "fake": 179,
        "true": 230
      },
      "valid": {
        "fake": 25,
        "true": 27
      },
      "test": {
        "fake": 22,
        "true": 29
      }
    },
    "within_split_duplicates_removed": {
      "train": 12,
      "valid": 0,
      "test": 0
    },
    "cross_split_statement_overlap_removed": {
      "train": 0,
      "valid": 0,
      "test": 0
    },
    "sample_fraction": 0.04,
    "sampled_split_sizes": {
      "train": 409,
      "valid": 52,
      "test": 51
    },
    "sampled_binary_label_distribution": {
      "train": {
        "fake": 179,
        "true": 230
      },
      "valid": {
        "fake": 25,
        "true": 27
      },
      "test": {
        "fake": 22,
        "true": 29
      }
    }
  }
}