{
  "model": "random_forest",
  "display_name": "Random Forest (TF-IDF)",
  "best_params": null,
  "cv_best_macro_f1": null,
  "training_time_seconds": 3.884767599985935,
  "sample_fraction": 0.1,
  "feature_config": {
    "tfidf_max_features": 6000,
    "tfidf_ngram_range": [
      1,
      2
    ],
    "use_char_ngrams": true,
    "char_max_features": 4000,
    "include_text_statistics": false
  },
  "model_input_shape": [
    1152,
    1500
  ],
  "model_input_memory_mb": 6.591796875,
  "valid_metrics": {
    "accuracy": 0.6201550387596899,
    "precision": 0.618421052631579,
    "recall": 0.7014925373134329,
    "f1": 0.6573426573426573,
    "macro_f1": 0.6156278504104591,
    "confusion_matrix": [
      [
        33,
        29
      ],
      [
        20,
        47
      ]
    ],
    "classification_report": "              precision    recall  f1-score   support\n\n        fake       0.62      0.53      0.57        62\n        true       0.62      0.70      0.66        67\n\n    accuracy                           0.62       129\n   macro avg       0.62      0.62      0.62       129\nweighted avg       0.62      0.62      0.62       129\n",
    "roc_auc": 0.6685122773230621,
    "roc_curve": {
      "fpr": [
        0.0,
        0.016129032258064516,
        0.016129032258064516,
        0.03225806451612903,
        0.03225806451612903,
        0.04838709677419355,
        0.04838709677419355,
        0.06451612903225806,
        0.06451612903225806,
        0.0967741935483871,
        0.0967741935483871,
        0.11290322580645161,
        0.11290322580645161,
        0.12903225806451613,
        0.12903225806451613,
        0.14516129032258066,
        0.14516129032258066,
        0.16129032258064516,
        0.16129032258064516,
        0.20967741935483872,
        0.20967741935483872,
        0.27419354838709675,
        0.27419354838709675,
        0.3064516129032258,
        0.3064516129032258,
        0.3225806451612903,
        0.3225806451612903,
        0.3709677419354839,
        0.3709677419354839,
        0.43548387096774194,
        0.43548387096774194,
        0.46774193548387094,
        0.46774193548387094,
        0.5161290322580645,
        0.5161290322580645,
        0.532258064516129,
        0.532258064516129,
        0.5483870967741935,
        0.5483870967741935,
        0.5645161290322581,
        0.5645161290322581,
        0.5806451612903226,
        0.5806451612903226,
        0.5967741935483871,
        0.5967741935483871,
        0.6935483870967742,
        0.6935483870967742,
        0.9032258064516129,
        0.9032258064516129,
        0.967741935483871,
        0.967741935483871,
        1.0
      ],
      "tpr": [
        0.0,
        0.0,
        0.014925373134328358,
        0.014925373134328358,
        0.04477611940298507,
        0.04477611940298507,
        0.08955223880597014,
        0.08955223880597014,
        0.14925373134328357,
        0.14925373134328357,
        0.1791044776119403,
        0.1791044776119403,
        0.26865671641791045,
        0.26865671641791045,
        0.2835820895522388,
        0.2835820895522388,
        0.31343283582089554,
        0.31343283582089554,
        0.3283582089552239,
        0.3283582089552239,
        0.3582089552238806,
        0.3582089552238806,
        0.47761194029850745,
        0.47761194029850745,
        0.5671641791044776,
        0.5671641791044776,
        0.6119402985074627,
        0.6119402985074627,
        0.6417910447761194,
        0.6417910447761194,
        0.6567164179104478,
        0.6567164179104478,
        0.7164179104477612,
        0.7164179104477612,
        0.746268656716418,
        0.746268656716418,
        0.8059701492537313,
        0.8059701492537313,
        0.8208955223880597,
        0.8208955223880597,
        0.8656716417910447,
        0.8656716417910447,
        0.9104477611940298,
        0.9104477611940298,
        0.9402985074626866,
        0.9402985074626866,
        0.9552238805970149,
        0.9552238805970149,
        0.9850746268656716,
        0.9850746268656716,
        1.0,
        1.0
      ]
    }
  },
  "test_metrics": {
    "accuracy": 0.6507936507936508,
    "precision": 0.6753246753246753,
    "recall": 0.7323943661971831,
    "f1": 0.7027027027027027,
    "macro_f1": 0.6398128898128899,
    "confusion_matrix": [
      [
        30,
        25
      ],
      [
        19,
        52
      ]
    ],
    "classification_report": "              precision    recall  f1-score   support\n\n        fake       0.61      0.55      0.58        55\n        true       0.68      0.73      0.70        71\n\n    accuracy                           0.65       126\n   macro avg       0.64      0.64      0.64       126\nweighted avg       0.65      0.65      0.65       126\n",
    "roc_auc": 0.6906530089628682,
    "roc_curve": {
      "fpr": [
        0.0,
        0.0,
        0.0,
        0.01818181818181818,
        0.01818181818181818,
        0.03636363636363636,
        0.03636363636363636,
        0.05454545454545454,
        0.05454545454545454,
        0.07272727272727272,
        0.07272727272727272,
        0.09090909090909091,
        0.09090909090909091,
        0.12727272727272726,
        0.12727272727272726,
        0.14545454545454545,
        0.14545454545454545,
        0.2,
        0.2,
        0.21818181818181817,
        0.21818181818181817,
        0.2545454545454545,
        0.2545454545454545,
        0.2909090909090909,
        0.2909090909090909,
        0.3090909090909091,
        0.3090909090909091,
        0.34545454545454546,
        0.34545454545454546,
        0.38181818181818183,
        0.38181818181818183,
        0.4,
        0.4,
        0.45454545454545453,
        0.45454545454545453,
        0.4727272727272727,
        0.4727272727272727,
        0.4909090909090909,
        0.4909090909090909,
        0.5272727272727272,
        0.5272727272727272,
        0.5818181818181818,
        0.5818181818181818,
        0.6363636363636364,
        0.6363636363636364,
        0.6545454545454545,
        0.6545454545454545,
        0.6909090909090909,
        0.6909090909090909,
        0.7454545454545455,
        0.7454545454545455,
        0.8181818181818182,
        0.8181818181818182,
        0.8727272727272727,
        0.8727272727272727,
        1.0
      ],
      "tpr": [
        0.0,
        0.014084507042253521,
        0.07042253521126761,
        0.07042253521126761,
        0.09859154929577464,
        0.09859154929577464,
        0.11267605633802817,
        0.11267605633802817,
        0.23943661971830985,
        0.23943661971830985,
        0.2535211267605634,
        0.2535211267605634,
        0.28169014084507044,
        0.28169014084507044,
        0.323943661971831,
        0.323943661971831,
        0.36619718309859156,
        0.36619718309859156,
        0.4084507042253521,
        0.4084507042253521,
        0.4225352112676056,
        0.4225352112676056,
        0.4507042253521127,
        0.4507042253521127,
        0.4788732394366197,
        0.4788732394366197,
        0.5633802816901409,
        0.5633802816901409,
        0.6056338028169014,
        0.6056338028169014,
        0.6619718309859155,
        0.6619718309859155,
        0.7183098591549296,
        0.7183098591549296,
        0.7323943661971831,
        0.7323943661971831,
        0.8169014084507042,
        0.8169014084507042,
        0.8309859154929577,
        0.8309859154929577,
        0.8450704225352113,
        0.8450704225352113,
        0.8591549295774648,
        0.8591549295774648,
        0.8732394366197183,
        0.8732394366197183,
        0.9014084507042254,
        0.9014084507042254,
        0.9154929577464789,
        0.9154929577464789,
        0.9436619718309859,
        0.9436619718309859,
        0.971830985915493,
        0.971830985915493,
        1.0,
        1.0
      ]
    }
  },
  "dataset_audit": {
    "split_sizes": {
      "train": 1023,
      "valid": 129,