{
  "model": "random_forest",
  "display_name": "Random Forest (TF-IDF)",
  "best_params": null,
  "cv_best_macro_f1": null,
  "training_time_seconds": 4.349330800003372,
  "sample_fraction": 0.1,
  "feature_config": {
    "tfidf_max_features": 6000,
    "tfidf_ngram_range": [
      1,
      2
    ],
    "use_char_ngrams": true,
    "char_max_features": 4000,
    "include_text_statistics": false
  },
  "model_input_shape": [
    1152,
    1500
  ],
  "model_input_memory_mb": 6.591796875,
  "valid_metrics": {
    "accuracy": 0.6821705426356589,
    "precision": 0.6625,
    "recall": 0.7910447761194029,
    "f1": 0.7210884353741497,
    "macro_f1": 0.6758595330023902,
    "confusion_matrix": [
      [
        35,
        27
      ],
      [
        14,
        53
      ]
    ],
    "classification_report": "              precision    recall  f1-score   support\n\n        fake       0.71      0.56      0.63        62\n        true       0.66      0.79      0.72        67\n\n    accuracy                           0.68       129\n   macro avg       0.69      0.68      0.68       129\nweighted avg       0.69      0.68      0.68       129\n",
    "roc_auc": 0.7303803562831007,
    "roc_curve": {
      "fpr": [
        0.0,
        0.0,
        0.0,
        0.016129032258064516,
        0.016129032258064516,
        0.03225806451612903,
        0.03225806451612903,
        0.04838709677419355,
        0.04838709677419355,
        0.08064516129032258,
        0.08064516129032258,
        0.0967741935483871,
        0.0967741935483871,
        0.12903225806451613,
        0.12903225806451613,
        0.1935483870967742,
        0.1935483870967742,
        0.20967741935483872,
        0.20967741935483872,
        0.24193548387096775,
        0.24193548387096775,
        0.25806451612903225,
        0.25806451612903225,
        0.27419354838709675,
        0.27419354838709675,
        0.2903225806451613,
        0.2903225806451613,
        0.3064516129032258,
        0.3064516129032258,
        0.3225806451612903,
        0.3225806451612903,
        0.3387096774193548,
        0.3387096774193548,
        0.3548387096774194,
        0.3548387096774194,
        0.3709677419354839,
        0.3709677419354839,
        0.3870967741935484,
        0.3870967741935484,
        0.41935483870967744,
        0.41935483870967744,
        0.43548387096774194,
        0.43548387096774194,
        0.4838709677419355,
        0.4838709677419355,
        0.5,
        0.5,
        0.5161290322580645,
        0.5161290322580645,
        0.5645161290322581,
        0.5645161290322581,
        0.5806451612903226,
        0.5806451612903226,
        0.5967741935483871,
        0.5967741935483871,
        0.6290322580645161,
        0.6290322580645161,
        0.6774193548387096,
        0.6774193548387096,
        0.8387096774193549,
        0.8387096774193549,
        0.8870967741935484,
        0.8870967741935484,
        1.0
      ],
      "tpr": [
        0.0,
        0.014925373134328358,
        0.05970149253731343,
        0.05970149253731343,
        0.07462686567164178,
        0.07462686567164178,
        0.13432835820895522,
        0.13432835820895522,
        0.3283582089552239,
        0.3283582089552239,
        0.34328358208955223,
        0.34328358208955223,
        0.43283582089552236,
        0.43283582089552236,
        0.44776119402985076,
        0.44776119402985076,
        0.4626865671641791,
        0.4626865671641791,
        0.47761194029850745,
        0.47761194029850745,
        0.4925373134328358,
        0.4925373134328358,
        0.5223880597014925,
        0.5223880597014925,
        0.5671641791044776,
        0.5671641791044776,
        0.5970149253731343,
        0.5970149253731343,
        0.6119402985074627,
        0.6119402985074627,
        0.6268656716417911,
        0.6268656716417911,
        0.6567164179104478,
        0.6567164179104478,
        0.6865671641791045,
        0.6865671641791045,
        0.7014925373134329,
        0.7014925373134329,
        0.7164179104477612,
        0.7164179104477612,
        0.7313432835820896,
        0.7313432835820896,
        0.8059701492537313,
        0.8059701492537313,
        0.8208955223880597,
        0.8208955223880597,
        0.835820895522388,
        0.835820895522388,
        0.8507462686567164,
        0.8507462686567164,
        0.8805970149253731,
        0.8805970149253731,
        0.8955223880597015,
        0.8955223880597015,
        0.9104477611940298,
        0.9104477611940298,
        0.9253731343283582,
        0.9253731343283582,
        0.9402985074626866,
        0.9402985074626866,
        0.9701492537313433,
        0.9701492537313433,
        1.0,
        1.0
      ]
    }
  },
  "test_metrics": {
    "accuracy": 0.6825396825396826,
    "precision": 0.7313432835820896,
    "recall": 0.6901408450704225,
    "f1": 0.7101449275362319,
    "macro_f1": 0.6796338672768879,
    "confusion_matrix": [
      [
        37,
        18
      ],
      [
        22,
        49
      ]
    ],
    "classification_report": "              precision    recall  f1-score   support\n\n        fake       0.63      0.67      0.65        55\n        true       0.73      0.69      0.71        71\n\n    accuracy                           0.68       126\n   macro avg       0.68      0.68      0.68       126\nweighted avg       0.69      0.68      0.68       126\n",
    "roc_auc": 0.7106274007682458,
    "roc_curve": {
      "fpr": [
        0.0,
        0.0,
        0.0,
        0.03636363636363636,
        0.03636363636363636,
        0.05454545454545454,
        0.05454545454545454,
        0.09090909090909091,
        0.09090909090909091,
        0.10909090909090909,
        0.10909090909090909,
        0.12727272727272726,
        0.12727272727272726,
        0.14545454545454545,
        0.14545454545454545,
        0.16363636363636364,
        0.16363636363636364,
        0.18181818181818182,
        0.18181818181818182,
        0.21818181818181817,
        0.21818181818181817,
        0.23636363636363636,
        0.23636363636363636,
        0.2545454545454545,
        0.2545454545454545,
        0.2909090909090909,
        0.2909090909090909,
        0.32727272727272727,
        0.32727272727272727,
        0.38181818181818183,
        0.38181818181818183,
        0.41818181818181815,
        0.41818181818181815,
        0.45454545454545453,
        0.45454545454545453,
        0.4727272727272727,
        0.4727272727272727,
        0.5272727272727272,
        0.5272727272727272,
        0.5636363636363636,
        0.5636363636363636,
        0.6545454545454545,
        0.6545454545454545,
        0.6727272727272727,
        0.6727272727272727,
        0.6909090909090909,
        0.6909090909090909,
        0.7454545454545455,
        0.7454545454545455,
        0.7818181818181819,
        0.7818181818181819,
        0.9090909090909091,
        0.9090909090909091,
        1.0
      ],