{
  "model": "stacking",
  "display_name": "Stacking Ensemble",
  "best_params": null,
  "cv_best_macro_f1": null,
  "training_time_seconds": 54.15480540000135,
  "sample_fraction": 0.1,
  "feature_config": {
    "tfidf_max_features": 12000,
    "tfidf_ngram_range": [
      1,
      2
    ],
    "use_char_ngrams": true,
    "char_max_features": 4000,
    "include_text_statistics": true
  },
  "model_input_shape": [
    1152,
    6322
  ],
  "model_input_memory_mb": 1.4488105773925781,
  "valid_metrics": {
    "accuracy": 0.6511627906976745,
    "precision": 0.6571428571428571,
    "recall": 0.6865671641791045,
    "f1": 0.6715328467153284,
    "macro_f1": 0.6498160101345237,
    "confusion_matrix": [
      [
        38,
        24
      ],
      [
        21,
        46
      ]
    ],
    "classification_report": "              precision    recall  f1-score   support\n\n        fake       0.64      0.61      0.63        62\n        true       0.66      0.69      0.67        67\n\n    accuracy                           0.65       129\n   macro avg       0.65      0.65      0.65       129\nweighted avg       0.65      0.65      0.65       129\n",
    "roc_auc": 0.7284545016851228,
    "roc_curve": {
      "fpr": [
        0.0,
        0.016129032258064516,
        0.016129032258064516,
        0.03225806451612903,
        0.03225806451612903,
        0.04838709677419355,
        0.04838709677419355,
        0.08064516129032258,
        0.08064516129032258,
        0.0967741935483871,
        0.0967741935483871,
        0.12903225806451613,
        0.12903225806451613,
        0.14516129032258066,
        0.14516129032258066,
        0.16129032258064516,
        0.16129032258064516,
        0.1935483870967742,
        0.1935483870967742,
        0.20967741935483872,
        0.20967741935483872,
        0.3709677419354839,
        0.3709677419354839,
        0.3870967741935484,
        0.3870967741935484,
        0.41935483870967744,
        0.41935483870967744,
        0.45161290322580644,
        0.45161290322580644,
        0.532258064516129,
        0.532258064516129,
        0.6451612903225806,
        0.6451612903225806,
        0.6935483870967742,
        0.6935483870967742,
        0.7258064516129032,
        0.7258064516129032,
        0.7419354838709677,
        0.7419354838709677,
        0.7741935483870968,
        0.7741935483870968,
        0.8225806451612904,
        0.8225806451612904,
        0.9838709677419355,
        0.9838709677419355,
        1.0,
        1.0
      ],
      "tpr": [
        0.0,
        0.0,
        0.07462686567164178,
        0.07462686567164178,
        0.13432835820895522,
        0.13432835820895522,
        0.2537313432835821,
        0.2537313432835821,
        0.26865671641791045,
        0.26865671641791045,
        0.3283582089552239,
        0.3283582089552239,
        0.40298507462686567,
        0.40298507462686567,
        0.43283582089552236,
        0.43283582089552236,
        0.4925373134328358,
        0.4925373134328358,
        0.5223880597014925,
        0.5223880597014925,
        0.6417910447761194,
        0.6417910447761194,
        0.6865671641791045,
        0.6865671641791045,
        0.7164179104477612,
        0.7164179104477612,
        0.7910447761194029,
        0.7910447761194029,
        0.8059701492537313,
        0.8059701492537313,
        0.8805970149253731,
        0.8805970149253731,
        0.8955223880597015,
        0.8955223880597015,
        0.9104477611940298,
        0.9104477611940298,
        0.9253731343283582,
        0.9253731343283582,
        0.9402985074626866,
        0.9402985074626866,
        0.9552238805970149,
        0.9552238805970149,
        0.9701492537313433,
        0.9701492537313433,
        0.9850746268656716,
        0.9850746268656716,
        1.0
      ]
    }
  },
  "test_metrics": {
    "accuracy": 0.6507936507936508,
    "precision": 0.7076923076923077,
    "recall": 0.647887323943662,
    "f1": 0.6764705882352942,
    "macro_f1": 0.648580121703854,
    "confusion_matrix": [
      [
        36,
        19
      ],
      [
        25,
        46
      ]
    ],
    "classification_report": "              precision    recall  f1-score   support\n\n        fake       0.59      0.65      0.62        55\n        true       0.71      0.65      0.68        71\n\n    accuracy                           0.65       126\n   macro avg       0.65      0.65      0.65       126\nweighted avg       0.66      0.65      0.65       126\n",
    "roc_auc": 0.7234314980793854,
    "roc_curve": {
      "fpr": [
        0.0,
        0.0,
        0.0,
        0.01818181818181818,
        0.01818181818181818,
        0.03636363636363636,
        0.03636363636363636,
        0.07272727272727272,
        0.07272727272727272,
        0.09090909090909091,
        0.09090909090909091,
        0.18181818181818182,
        0.18181818181818182,
        0.2,
        0.2,
        0.23636363636363636,
        0.23636363636363636,
        0.2545454545454545,
        0.2545454545454545,
        0.2727272727272727,
        0.2727272727272727,
        0.2909090909090909,
        0.2909090909090909,
        0.32727272727272727,
        0.32727272727272727,
        0.34545454545454546,
        0.34545454545454546,
        0.38181818181818183,
        0.38181818181818183,
        0.41818181818181815,
        0.41818181818181815,
        0.43636363636363634,
        0.43636363636363634,
        0.45454545454545453,
        0.45454545454545453,
        0.5454545454545454,
        0.5454545454545454,
        0.5636363636363636,
        0.5636363636363636,
        0.6727272727272727,
        0.6727272727272727,
        0.6909090909090909,
        0.6909090909090909,
        0.7090909090909091,
        0.7090909090909091,
        0.7272727272727273,
        0.7272727272727273,
        0.8363636363636363,
        0.8363636363636363,
        0.8727272727272727,
        0.8727272727272727,
        0.9090909090909091,
        0.9090909090909091,
        1.0
      ],
      "tpr": [
        0.0,
        0.014084507042253521,
        0.028169014084507043,
        0.028169014084507043,
        0.14084507042253522,
        0.14084507042253522,
        0.2112676056338028,
        0.2112676056338028,
        0.23943661971830985,
        0.23943661971830985,
        0.36619718309859156,
        0.36619718309859156,
        0.39436619718309857,
        0.39436619718309857,
        0.4788732394366197,
        0.4788732394366197,
        0.5211267605633803,
        0.5211267605633803,
        0.5492957746478874,
        0.5492957746478874,
        0.6056338028169014,
        0.6056338028169014,
        0.6338028169014085,
        0.6338028169014085,
        0.647887323943662,
        0.647887323943662,
        0.7464788732394366,
        0.7464788732394366,
        0.7605633802816901,
        0.7605633802816901,
        0.8028169014084507,
        0.8028169014084507,
        0.8169014084507042,
        0.8169014084507042,
        0.8309859154929577,
        0.8309859154929577,
        0.8450704225352113,
        0.8450704225352113,
        0.8732394366197183,
        0.8732394366197183,
        0.8873239436619719,
        0.8873239436619719,
        0.9154929577464789,
        0.9154929577464789,
        0.9295774647887324,
        0.9295774647887324,
        0.9436619718309859,
        0.9436619718309859,
        0.971830985915493,
        0.971830985915493,
        0.9859154929577465,
        0.9859154929577465,
        1.0,
        1.0
      ]
    }
  },
  "dataset_audit": {
    "split_sizes": {
      "train": 1023,
      "valid": 129,
      "test": 126
    },
    "original_label_distribution": {
      "train": {
        "barely-true": 1654,
        "false": 1987,
        "half-true": 2112,
        "mostly-true": 1961,
        "pants-fire": 839,
        "true": 1675
      },
      "valid": {
        "barely-true": 237,
        "false": 263,
        "half-true": 248,
        "mostly-true": 251,