{
  "model": "stacking",
  "display_name": "Stacking Ensemble",
  "best_params": null,
  "cv_best_macro_f1": null,
  "training_time_seconds": 19.957093100005295,
  "sample_fraction": 0.04,
  "feature_config": {
    "tfidf_max_features": 12000,
    "tfidf_ngram_range": [
      1,
      2
    ],
    "use_char_ngrams": true,
    "char_max_features": 4000,
    "include_text_statistics": true
  },
  "model_input_shape": [
    461,
    5009
  ],
  "model_input_memory_mb": 0.5946884155273438,
  "valid_metrics": {
    "accuracy": 0.6346153846153846,
    "precision": 0.625,
    "recall": 0.7407407407407407,
    "f1": 0.6779661016949152,
    "macro_f1": 0.6278719397363465,
    "confusion_matrix": [
      [
        13,
        12
      ],
      [
        7,
        20
      ]
    ],
    "classification_report": "              precision    recall  f1-score   support\n\n        fake       0.65      0.52      0.58        25\n        true       0.62      0.74      0.68        27\n\n    accuracy                           0.63        52\n   macro avg       0.64      0.63      0.63        52\nweighted avg       0.64      0.63      0.63        52\n",
    "roc_auc": 0.6029629629629629,
    "roc_curve": {
      "fpr": [
        0.0,
        0.0,
        0.08,
        0.08,
        0.24,
        0.24,
        0.28,
        0.28,
        0.4,
        0.4,
        0.48,
        0.48,
        0.52,
        0.52,
        0.56,
        0.56,
        0.6,
        0.6,
        0.72,
        0.72,
        0.88,
        0.88,
        1.0
      ],
      "tpr": [
        0.0,
        0.037037037037037035,
        0.037037037037037035,
        0.14814814814814814,
        0.14814814814814814,
        0.2222222222222222,
        0.2222222222222222,
        0.2962962962962963,
        0.2962962962962963,
        0.6296296296296297,
        0.6296296296296297,
        0.7407407407407407,
        0.7407407407407407,
        0.7777777777777778,
        0.7777777777777778,
        0.8888888888888888,
        0.8888888888888888,
        0.9259259259259259,
        0.9259259259259259,
        0.9629629629629629,
        0.9629629629629629,
        1.0,
        1.0
      ]
    }
  },
  "test_metrics": {
    "accuracy": 0.6862745098039216,
    "precision": 0.7241379310344828,
    "recall": 0.7241379310344828,
    "f1": 0.7241379310344828,
    "macro_f1": 0.6802507836990596,
    "confusion_matrix": [
      [
        14,
        8
      ],
      [
        8,
        21
      ]
    ],
    "classification_report": "              precision    recall  f1-score   support\n\n        fake       0.64      0.64      0.64        22\n        true       0.72      0.72      0.72        29\n\n    accuracy                           0.69        51\n   macro avg       0.68      0.68      0.68        51\nweighted avg       0.69      0.69      0.69        51\n",
    "roc_auc": 0.7351097178683385,
    "roc_curve": {
      "fpr": [
        0.0,
        0.0,
        0.0,
        0.045454545454545456,
        0.045454545454545456,
        0.09090909090909091,
        0.09090909090909091,
        0.13636363636363635,
        0.13636363636363635,
        0.18181818181818182,
        0.18181818181818182,
        0.22727272727272727,
        0.22727272727272727,
        0.2727272727272727,
        0.2727272727272727,
        0.4090909090909091,
        0.4090909090909091,
        0.5,
        0.5,
        0.9090909090909091,
        0.9090909090909091,
        1.0,
        1.0
      ],
      "tpr": [
        0.0,
        0.034482758620689655,
        0.1724137931034483,
        0.1724137931034483,
        0.27586206896551724,
        0.27586206896551724,
        0.3793103448275862,
        0.3793103448275862,
        0.5172413793103449,
        0.5172413793103449,
        0.5862068965517241,
        0.5862068965517241,
        0.6206896551724138,
        0.6206896551724138,
        0.7241379310344828,
        0.7241379310344828,
        0.7586206896551724,
        0.7586206896551724,
        0.896551724137931,
        0.896551724137931,
        0.9310344827586207,
        0.9310344827586207,
        1.0
      ]
    }
  },
  "dataset_audit": {
    "split_sizes": {
      "train": 409,
      "valid": 52,
      "test": 51
    },
    "original_label_distribution": {
      "train": {
        "barely-true": 1654,
        "false": 1987,
        "half-true": 2112,
        "mostly-true": 1961,
        "pants-fire": 839,
        "true": 1675
      },
      "valid": {
        "barely-true": 237,
        "false": 263,
        "half-true": 248,
        "mostly-true": 251,
        "pants-fire": 116,
        "true": 169
      },
      "test": {
        "barely-true": 212,
        "false": 249,
        "half-true": 265,
        "mostly-true": 241,
        "pants-fire": 92,
        "true": 208
      }
    },
    "binary_label_distribution": {
      "train": {
        "fake": 179,
        "true": 230
      },
      "valid": {
        "fake": 25,
        "true": 27
      },
      "test": {
        "fake": 22,
        "true": 29
      }
    },
    "within_split_duplicates_removed": {
      "train": 12,
      "valid": 0,
      "test": 0
    },
    "cross_split_statement_overlap_removed": {
      "train": 0,
      "valid": 0,
      "test": 0
    },
    "sample_fraction": 0.04,
    "sampled_split_sizes": {
      "train": 409,
      "valid": 52,
      "test": 51
    },
    "sampled_binary_label_distribution": {
      "train": {
        "fake": 179,
        "true": 230
      },
      "valid": {
        "fake": 25,
        "true": 27
      },
      "test": {
        "fake": 22,
        "true": 29
      }
    }
  }
}