{
  "model": "stacking",
  "display_name": "Stacking Ensemble",
  "best_params": null,
  "cv_best_macro_f1": null,
  "training_time_seconds": 53.703877399966586,
  "sample_fraction": 0.1,
  "feature_config": {
    "tfidf_max_features": 12000,
    "tfidf_ngram_range": [
      1,
      2
    ],
    "use_char_ngrams": true,
    "char_max_features": 4000,
    "include_text_statistics": true
  },
  "model_input_shape": [
    1152,
    6385
  ],
  "model_input_memory_mb": 1.4765663146972656,
  "valid_metrics": {
    "accuracy": 0.6511627906976745,
    "precision": 0.6486486486486487,
    "recall": 0.7164179104477612,
    "f1": 0.6808510638297872,
    "macro_f1": 0.6481178396072014,
    "confusion_matrix": [
      [
        36,
        26
      ],
      [
        19,
        48
      ]
    ],
    "classification_report": "              precision    recall  f1-score   support\n\n        fake       0.65      0.58      0.62        62\n        true       0.65      0.72      0.68        67\n\n    accuracy                           0.65       129\n   macro avg       0.65      0.65      0.65       129\nweighted avg       0.65      0.65      0.65       129\n",
    "roc_auc": 0.7561386615310545,
    "roc_curve": {
      "fpr": [
        0.0,
        0.0,
        0.0,
        0.016129032258064516,
        0.016129032258064516,
        0.0967741935483871,
        0.0967741935483871,
        0.14516129032258066,
        0.14516129032258066,
        0.20967741935483872,
        0.20967741935483872,
        0.24193548387096775,
        0.24193548387096775,
        0.25806451612903225,
        0.25806451612903225,
        0.2903225806451613,
        0.2903225806451613,
        0.3225806451612903,
        0.3225806451612903,
        0.3387096774193548,
        0.3387096774193548,
        0.3548387096774194,
        0.3548387096774194,
        0.3870967741935484,
        0.3870967741935484,
        0.41935483870967744,
        0.41935483870967744,
        0.4838709677419355,
        0.4838709677419355,
        0.5483870967741935,
        0.5483870967741935,
        0.5645161290322581,
        0.5645161290322581,
        0.5967741935483871,
        0.5967741935483871,
        0.6129032258064516,
        0.6129032258064516,
        0.6451612903225806,
        0.6451612903225806,
        0.6612903225806451,
        0.6612903225806451,
        0.6935483870967742,
        0.6935483870967742,
        0.7096774193548387,
        0.7096774193548387,
        0.7741935483870968,
        0.7741935483870968,
        0.9032258064516129,
        0.9032258064516129,
        0.9354838709677419,
        0.9354838709677419,
        1.0
      ],
      "tpr": [
        0.0,
        0.014925373134328358,
        0.3880597014925373,
        0.3880597014925373,
        0.4626865671641791,
        0.4626865671641791,
        0.4925373134328358,
        0.4925373134328358,
        0.5671641791044776,
        0.5671641791044776,
        0.5970149253731343,
        0.5970149253731343,
        0.6119402985074627,
        0.6119402985074627,
        0.6268656716417911,
        0.6268656716417911,
        0.6417910447761194,
        0.6417910447761194,
        0.6567164179104478,
        0.6567164179104478,
        0.6716417910447762,
        0.6716417910447762,
        0.7014925373134329,
        0.7014925373134329,
        0.7164179104477612,
        0.7164179104477612,
        0.7313432835820896,
        0.7313432835820896,
        0.746268656716418,
        0.746268656716418,
        0.7910447761194029,
        0.7910447761194029,
        0.8059701492537313,
        0.8059701492537313,
        0.835820895522388,
        0.835820895522388,
        0.8507462686567164,
        0.8507462686567164,
        0.8656716417910447,
        0.8656716417910447,
        0.8805970149253731,
        0.8805970149253731,
        0.8955223880597015,
        0.8955223880597015,
        0.9552238805970149,
        0.9552238805970149,
        0.9701492537313433,
        0.9701492537313433,
        0.9850746268656716,
        0.9850746268656716,
        1.0,
        1.0
      ]
    }
  },
  "test_metrics": {
    "accuracy": 0.6428571428571429,
    "precision": 0.7166666666666667,
    "recall": 0.6056338028169014,
    "f1": 0.6564885496183206,
    "macro_f1": 0.6422938615860199,
    "confusion_matrix": [
      [
        38,
        17
      ],
      [
        28,
        43
      ]
    ],
    "classification_report": "              precision    recall  f1-score   support\n\n        fake       0.58      0.69      0.63        55\n        true       0.72      0.61      0.66        71\n\n    accuracy                           0.64       126\n   macro avg       0.65      0.65      0.64       126\nweighted avg       0.66      0.64      0.64       126\n",
    "roc_auc": 0.7088348271446863,
    "roc_curve": {
      "fpr": [
        0.0,
        0.0,
        0.01818181818181818,
        0.01818181818181818,
        0.05454545454545454,
        0.05454545454545454,
        0.07272727272727272,
        0.07272727272727272,
        0.09090909090909091,
        0.09090909090909091,
        0.10909090909090909,
        0.10909090909090909,
        0.12727272727272726,
        0.12727272727272726,
        0.14545454545454545,
        0.14545454545454545,
        0.18181818181818182,
        0.18181818181818182,
        0.2,
        0.2,
        0.21818181818181817,
        0.21818181818181817,
        0.2545454545454545,
        0.2545454545454545,
        0.2727272727272727,
        0.2727272727272727,
        0.2909090909090909,
        0.2909090909090909,
        0.3090909090909091,
        0.3090909090909091,
        0.32727272727272727,
        0.32727272727272727,
        0.4,
        0.4,
        0.43636363636363634,
        0.43636363636363634,
        0.45454545454545453,
        0.45454545454545453,
        0.4727272727272727,
        0.4727272727272727,
        0.509090909090909,
        0.509090909090909,
        0.5454545454545454,
        0.5454545454545454,
        0.6,
        0.6,
        0.6181818181818182,
        0.6181818181818182,
        0.7090909090909091,
        0.7090909090909091,
        0.7636363636363637,
        0.7636363636363637,
        0.7818181818181819,
        0.7818181818181819,
        0.9272727272727272,
        0.9272727272727272,
        1.0,
        1.0
      ],
      "tpr": [
        0.0,
        0.014084507042253521,
        0.014084507042253521,
        0.04225352112676056,
        0.04225352112676056,
        0.09859154929577464,
        0.09859154929577464,
        0.15492957746478872,
        0.15492957746478872,
        0.19718309859154928,
        0.19718309859154928,
        0.30985915492957744,
        0.30985915492957744,
        0.36619718309859156,
        0.36619718309859156,
        0.4788732394366197,
        0.4788732394366197,
        0.49295774647887325,
        0.49295774647887325,
        0.5070422535211268,
        0.5070422535211268,
        0.5492957746478874,
        0.5492957746478874,
        0.5774647887323944,
        0.5774647887323944,
        0.5915492957746479,
        0.5915492957746479,
        0.6056338028169014,
        0.6056338028169014,
        0.6619718309859155,
        0.6619718309859155,
        0.676056338028169,
        0.676056338028169,
        0.7605633802816901,
        0.7605633802816901,
        0.7746478873239436,
        0.7746478873239436,
        0.7887323943661971,
        0.7887323943661971,
        0.8028169014084507,
        0.8028169014084507,
        0.8309859154929577,
        0.8309859154929577,
        0.8450704225352113,
        0.8450704225352113,
        0.8873239436619719,
        0.8873239436619719,
        0.9014084507042254,
        0.9014084507042254,
        0.9295774647887324,
        0.9295774647887324,
        0.9436619718309859,
        0.9436619718309859,
        0.9577464788732394,
        0.9577464788732394,
        0.971830985915493,
        0.971830985915493,
        1.0
      ]
    }
  },