{
  "model": "stacking",
  "display_name": "Stacking Ensemble",
  "best_params": null,
  "cv_best_macro_f1": null,
  "training_time_seconds": 54.36116889998084,
  "sample_fraction": 0.1,
  "feature_config": {
    "tfidf_max_features": 12000,
    "tfidf_ngram_range": [
      1,
      2
    ],
    "use_char_ngrams": true,
    "char_max_features": 4000,
    "include_text_statistics": true
  },
  "model_input_shape": [
    1152,
    6406
  ],
  "model_input_memory_mb": 1.4761466979980469,
  "valid_metrics": {
    "accuracy": 0.6511627906976745,
    "precision": 0.6341463414634146,
    "recall": 0.7761194029850746,
    "f1": 0.697986577181208,
    "macro_f1": 0.6425712702419801,
    "confusion_matrix": [
      [
        32,
        30
      ],
      [
        15,
        52
      ]
    ],
    "classification_report": "              precision    recall  f1-score   support\n\n        fake       0.68      0.52      0.59        62\n        true       0.63      0.78      0.70        67\n\n    accuracy                           0.65       129\n   macro avg       0.66      0.65      0.64       129\nweighted avg       0.66      0.65      0.64       129\n",
    "roc_auc": 0.6612903225806452,
    "roc_curve": {
      "fpr": [
        0.0,
        0.016129032258064516,
        0.08064516129032258,
        0.08064516129032258,
        0.11290322580645161,
        0.11290322580645161,
        0.14516129032258066,
        0.14516129032258066,
        0.16129032258064516,
        0.16129032258064516,
        0.1774193548387097,
        0.1774193548387097,
        0.1935483870967742,
        0.1935483870967742,
        0.20967741935483872,
        0.20967741935483872,
        0.22580645161290322,
        0.22580645161290322,
        0.24193548387096775,
        0.24193548387096775,
        0.25806451612903225,
        0.25806451612903225,
        0.2903225806451613,
        0.2903225806451613,
        0.3064516129032258,
        0.3064516129032258,
        0.3225806451612903,
        0.3225806451612903,
        0.3387096774193548,
        0.3387096774193548,
        0.3548387096774194,
        0.3548387096774194,
        0.3870967741935484,
        0.3870967741935484,
        0.4032258064516129,
        0.4032258064516129,
        0.41935483870967744,
        0.41935483870967744,
        0.45161290322580644,
        0.45161290322580644,
        0.4838709677419355,
        0.4838709677419355,
        0.5161290322580645,
        0.5161290322580645,
        0.6129032258064516,
        0.6129032258064516,
        0.6612903225806451,
        0.6612903225806451,
        0.6935483870967742,
        0.6935483870967742,
        0.7258064516129032,
        0.7258064516129032,
        0.7580645161290323,
        0.7580645161290323,
        0.9354838709677419,
        0.9354838709677419,
        1.0
      ],
      "tpr": [
        0.0,
        0.0,
        0.0,
        0.014925373134328358,
        0.014925373134328358,
        0.13432835820895522,
        0.13432835820895522,
        0.14925373134328357,
        0.14925373134328357,
        0.22388059701492538,
        0.22388059701492538,
        0.2537313432835821,
        0.2537313432835821,
        0.3582089552238806,
        0.3582089552238806,
        0.373134328358209,
        0.373134328358209,
        0.417910447761194,
        0.417910447761194,
        0.44776119402985076,
        0.44776119402985076,
        0.47761194029850745,
        0.47761194029850745,
        0.5074626865671642,
        0.5074626865671642,
        0.5373134328358209,
        0.5373134328358209,
        0.5671641791044776,
        0.5671641791044776,
        0.6268656716417911,
        0.6268656716417911,
        0.6716417910447762,
        0.6716417910447762,
        0.7164179104477612,
        0.7164179104477612,
        0.746268656716418,
        0.746268656716418,
        0.7611940298507462,
        0.7611940298507462,
        0.7761194029850746,
        0.7761194029850746,
        0.8208955223880597,
        0.8208955223880597,
        0.8507462686567164,
        0.8507462686567164,
        0.8656716417910447,
        0.8656716417910447,
        0.9104477611940298,
        0.9104477611940298,
        0.9253731343283582,
        0.9253731343283582,
        0.9402985074626866,
        0.9402985074626866,
        0.9552238805970149,
        0.9552238805970149,
        1.0,
        1.0
      ]
    }
  },
  "test_metrics": {
    "accuracy": 0.6825396825396826,
    "precision": 0.6962025316455697,
    "recall": 0.7746478873239436,
    "f1": 0.7333333333333333,
    "macro_f1": 0.6705882352941176,
    "confusion_matrix": [
      [
        31,
        24
      ],
      [
        16,
        55
      ]
    ],
    "classification_report": "              precision    recall  f1-score   support\n\n        fake       0.66      0.56      0.61        55\n        true       0.70      0.77      0.73        71\n\n    accuracy                           0.68       126\n   macro avg       0.68      0.67      0.67       126\nweighted avg       0.68      0.68      0.68       126\n",
    "roc_auc": 0.7218950064020486,
    "roc_curve": {
      "fpr": [
        0.0,
        0.0,
        0.0,
        0.01818181818181818,
        0.01818181818181818,
        0.03636363636363636,
        0.03636363636363636,
        0.05454545454545454,
        0.05454545454545454,
        0.09090909090909091,
        0.09090909090909091,
        0.10909090909090909,
        0.10909090909090909,
        0.16363636363636364,
        0.16363636363636364,
        0.2,
        0.2,
        0.21818181818181817,
        0.21818181818181817,
        0.23636363636363636,
        0.23636363636363636,
        0.2727272727272727,
        0.2727272727272727,
        0.3090909090909091,
        0.3090909090909091,
        0.32727272727272727,
        0.32727272727272727,
        0.38181818181818183,
        0.38181818181818183,
        0.41818181818181815,
        0.41818181818181815,
        0.43636363636363634,
        0.43636363636363634,
        0.4727272727272727,
        0.4727272727272727,
        0.4909090909090909,
        0.4909090909090909,
        0.509090909090909,
        0.509090909090909,
        0.5272727272727272,
        0.5272727272727272,
        0.5636363636363636,
        0.5636363636363636,
        0.6181818181818182,
        0.6181818181818182,
        0.6909090909090909,
        0.6909090909090909,
        0.8545454545454545,
        0.8545454545454545,
        0.8909090909090909,
        0.8909090909090909,
        0.9454545454545454,
        0.9454545454545454,
        0.9636363636363636,
        0.9636363636363636,
        1.0
      ],