{
  "model": "stacking",
  "display_name": "Stacking Ensemble",
  "best_params": null,
  "cv_best_macro_f1": null,
  "training_time_seconds": 16.022724099981133,
  "sample_fraction": 0.04,
  "feature_config": {
    "tfidf_max_features": 12000,
    "tfidf_ngram_range": [
      1,
      2
    ],
    "use_char_ngrams": true,
    "char_max_features": 4000,
    "include_text_statistics": true
  },
  "model_input_shape": [
    461,
    4994
  ],
  "model_input_memory_mb": 0.5735931396484375,
  "valid_metrics": {
    "accuracy": 0.5769230769230769,
    "precision": 0.5862068965517241,
    "recall": 0.6296296296296297,
    "f1": 0.6071428571428571,
    "macro_f1": 0.5744047619047619,
    "confusion_matrix": [
      [
        13,
        12
      ],
      [
        10,
        17
      ]
    ],
    "classification_report": "              precision    recall  f1-score   support\n\n        fake       0.57      0.52      0.54        25\n        true       0.59      0.63      0.61        27\n\n    accuracy                           0.58        52\n   macro avg       0.58      0.57      0.57        52\nweighted avg       0.58      0.58      0.58        52\n",
    "roc_auc": 0.6,
    "roc_curve": {
      "fpr": [
        0.0,
        0.0,
        0.0,
        0.04,
        0.04,
        0.08,
        0.08,
        0.2,
        0.2,
        0.28,
        0.28,
        0.48,
        0.48,
        0.52,
        0.52,
        0.56,
        0.56,
        0.68,
        0.68,
        0.72,
        0.72,
        0.76,
        0.76,
        0.8,
        0.8,
        1.0
      ],
      "tpr": [
        0.0,
        0.037037037037037035,
        0.07407407407407407,
        0.07407407407407407,
        0.14814814814814814,
        0.14814814814814814,
        0.2962962962962963,
        0.2962962962962963,
        0.3333333333333333,
        0.3333333333333333,
        0.37037037037037035,
        0.37037037037037035,
        0.6296296296296297,
        0.6296296296296297,
        0.7037037037037037,
        0.7037037037037037,
        0.7777777777777778,
        0.7777777777777778,
        0.8518518518518519,
        0.8518518518518519,
        0.8888888888888888,
        0.8888888888888888,
        0.9629629629629629,
        0.9629629629629629,
        1.0,
        1.0
      ]
    }
  },
  "test_metrics": {
    "accuracy": 0.6862745098039216,
    "precision": 0.7407407407407407,
    "recall": 0.6896551724137931,
    "f1": 0.7142857142857143,
    "macro_f1": 0.6832298136645962,
    "confusion_matrix": [
      [
        15,
        7
      ],
      [
        9,
        20
      ]
    ],
    "classification_report": "              precision    recall  f1-score   support\n\n        fake       0.62      0.68      0.65        22\n        true       0.74      0.69      0.71        29\n\n    accuracy                           0.69        51\n   macro avg       0.68      0.69      0.68        51\nweighted avg       0.69      0.69      0.69        51\n",
    "roc_auc": 0.6912225705329154,
    "roc_curve": {
      "fpr": [
        0.0,
        0.045454545454545456,
        0.045454545454545456,
        0.09090909090909091,
        0.09090909090909091,
        0.13636363636363635,
        0.13636363636363635,
        0.18181818181818182,
        0.18181818181818182,
        0.22727272727272727,
        0.22727272727272727,
        0.3181818181818182,
        0.3181818181818182,
        0.4090909090909091,
        0.4090909090909091,
        0.5909090909090909,
        0.5909090909090909,
        0.6363636363636364,
        0.6363636363636364,
        0.7727272727272727,
        0.7727272727272727,
        0.9090909090909091,
        0.9090909090909091,
        1.0,
        1.0
      ],
      "tpr": [
        0.0,
        0.0,
        0.1724137931034483,
        0.1724137931034483,
        0.2413793103448276,
        0.2413793103448276,
        0.3793103448275862,
        0.3793103448275862,
        0.4482758620689655,
        0.4482758620689655,
        0.6206896551724138,
        0.6206896551724138,
        0.7241379310344828,
        0.7241379310344828,
        0.7586206896551724,
        0.7586206896551724,
        0.8275862068965517,
        0.8275862068965517,
        0.896551724137931,
        0.896551724137931,
        0.9310344827586207,
        0.9310344827586207,
        0.9655172413793104,
        0.9655172413793104,
        1.0
      ]
    }
  },
  "dataset_audit": {
    "split_sizes": {
      "train": 409,
      "valid": 52,
      "test": 51
    },
    "original_label_distribution": {
      "train": {
        "barely-true": 1654,
        "false": 1987,
        "half-true": 2112,
        "mostly-true": 1961,
        "pants-fire": 839,
        "true": 1675
      },
      "valid": {
        "barely-true": 237,
        "false": 263,
        "half-true": 248,
        "mostly-true": 251,
        "pants-fire": 116,
        "true": 169
      },
      "test": {
        "barely-true": 212,
        "false": 249,
        "half-true": 265,
        "mostly-true": 241,
        "pants-fire": 92,
        "true": 208
      }
    },
    "binary_label_distribution": {
      "train": {
        "fake": 179,
        "true": 230
      },
      "valid": {
        "fake": 25,
        "true": 27
      },
      "test": {
        "fake": 22,
        "true": 29
      }
    },
    "within_split_duplicates_removed": {
      "train": 12,
      "valid": 0,
      "test": 0
    },
    "cross_split_statement_overlap_removed": {
      "train": 0,
      "valid": 0,
      "test": 0
    },
    "sample_fraction": 0.04,
    "sampled_split_sizes": {
      "train": 409,
      "valid": 52,
      "test": 51
    },
    "sampled_binary_label_distribution": {
      "train": {
        "fake": 179,
        "true": 230
      },
      "valid": {
        "fake": 25,
        "true": 27
      },
      "test": {
        "fake": 22,
        "true": 29
      }
    }
  }
}