{
  "model": "svm_rbf",
  "display_name": "SVM (RBF Kernel)",
  "best_params": null,
  "cv_best_macro_f1": null,
  "training_time_seconds": 2.1633959999890067,
  "sample_fraction": 0.04,
  "feature_config": {
    "tfidf_max_features": 10000,
    "tfidf_ngram_range": [
      1,
      2
    ],
    "use_char_ngrams": true,
    "char_max_features": 4000,
    "include_text_statistics": false
  },
  "model_input_shape": [
    461,
    256
  ],
  "model_input_memory_mb": 0.4501953125,
  "valid_metrics": {
    "accuracy": 0.6153846153846154,
    "precision": 0.5813953488372093,
    "recall": 0.9259259259259259,
    "f1": 0.7142857142857143,
    "macro_f1": 0.5630252100840336,
    "confusion_matrix": [
      [
        7,
        18
      ],
      [
        2,
        25
      ]
    ],
    "classification_report": "              precision    recall  f1-score   support\n\n        fake       0.78      0.28      0.41        25\n        true       0.58      0.93      0.71        27\n\n    accuracy                           0.62        52\n   macro avg       0.68      0.60      0.56        52\nweighted avg       0.68      0.62      0.57        52\n",
    "roc_auc": 0.6888888888888889,
    "roc_curve": {
      "fpr": [
        0.0,
        0.04,
        0.08,
        0.08,
        0.2,
        0.2,
        0.24,
        0.24,
        0.28,
        0.28,
        0.36,
        0.36,
        0.48,
        0.48,
        0.52,
        0.52,
        0.56,
        0.56,
        0.6,
        0.6,
        0.88,
        0.88,
        0.96,
        0.96,
        1.0
      ],
      "tpr": [
        0.0,
        0.0,
        0.0,
        0.4074074074074074,
        0.4074074074074074,
        0.5185185185185185,
        0.5185185185185185,
        0.5555555555555556,
        0.5555555555555556,
        0.5925925925925926,
        0.5925925925925926,
        0.6296296296296297,
        0.6296296296296297,
        0.7777777777777778,
        0.7777777777777778,
        0.8148148148148148,
        0.8148148148148148,
        0.8518518518518519,
        0.8518518518518519,
        0.9259259259259259,
        0.9259259259259259,
        0.9629629629629629,
        0.9629629629629629,
        1.0,
        1.0
      ]
    }
  },
  "test_metrics": {
    "accuracy": 0.7058823529411765,
    "precision": 0.6666666666666666,
    "recall": 0.9655172413793104,
    "f1": 0.7887323943661971,
    "macro_f1": 0.6524307133121308,
    "confusion_matrix": [
      [
        8,
        14
      ],
      [
        1,
        28
      ]
    ],
    "classification_report": "              precision    recall  f1-score   support\n\n        fake       0.89      0.36      0.52        22\n        true       0.67      0.97      0.79        29\n\n    accuracy                           0.71        51\n   macro avg       0.78      0.66      0.65        51\nweighted avg       0.76      0.71      0.67        51\n",
    "roc_auc": 0.7037617554858935,
    "roc_curve": {
      "fpr": [
        0.0,
        0.0,
        0.045454545454545456,
        0.045454545454545456,
        0.13636363636363635,
        0.13636363636363635,
        0.18181818181818182,
        0.18181818181818182,
        0.22727272727272727,
        0.22727272727272727,
        0.2727272727272727,
        0.2727272727272727,
        0.3181818181818182,
        0.3181818181818182,
        0.36363636363636365,
        0.36363636363636365,
        0.4090909090909091,
        0.4090909090909091,
        0.45454545454545453,
        0.45454545454545453,
        0.5,
        0.5,
        0.5454545454545454,
        0.5454545454545454,
        0.7272727272727273,
        0.7272727272727273,
        1.0
      ],
      "tpr": [
        0.0,
        0.034482758620689655,
        0.034482758620689655,
        0.06896551724137931,
        0.06896551724137931,
        0.13793103448275862,
        0.13793103448275862,
        0.2413793103448276,
        0.2413793103448276,
        0.4827586206896552,
        0.4827586206896552,
        0.5172413793103449,
        0.5172413793103449,
        0.6896551724137931,
        0.6896551724137931,
        0.7241379310344828,
        0.7241379310344828,
        0.8275862068965517,
        0.8275862068965517,
        0.896551724137931,
        0.896551724137931,
        0.9310344827586207,
        0.9310344827586207,
        0.9655172413793104,
        0.9655172413793104,
        1.0,
        1.0
      ]
    }
  },
  "dataset_audit": {
    "split_sizes": {
      "train": 409,
      "valid": 52,
      "test": 51
    },
    "original_label_distribution": {
      "train": {
        "barely-true": 1654,
        "false": 1987,
        "half-true": 2112,
        "mostly-true": 1961,
        "pants-fire": 839,
        "true": 1675
      },
      "valid": {
        "barely-true": 237,
        "false": 263,
        "half-true": 248,
        "mostly-true": 251,
        "pants-fire": 116,
        "true": 169
      },
      "test": {
        "barely-true": 212,
        "false": 249,
        "half-true": 265,
        "mostly-true": 241,
        "pants-fire": 92,
        "true": 208
      }
    },
    "binary_label_distribution": {
      "train": {
        "fake": 179,
        "true": 230
      },
      "valid": {
        "fake": 25,
        "true": 27
      },
      "test": {
        "fake": 22,
        "true": 29
      }
    },
    "within_split_duplicates_removed": {
      "train": 12,
      "valid": 0,
      "test": 0
    },
    "cross_split_statement_overlap_removed": {
      "train": 0,
      "valid": 0,
      "test": 0
    },
    "sample_fraction": 0.04,
    "sampled_split_sizes": {
      "train": 409,
      "valid": 52,
      "test": 51
    },
    "sampled_binary_label_distribution": {
      "train": {
        "fake": 179,
        "true": 230
      },
      "valid": {
        "fake": 25,
        "true": 27
      },
      "test": {
        "fake": 22,
        "true": 29
      }
    }
  }
}