{
  "model": "svm_rbf",
  "display_name": "SVM (RBF Kernel)",
  "best_params": null,
  "cv_best_macro_f1": null,
  "training_time_seconds": 7.130166099988855,
  "sample_fraction": 0.1,
  "feature_config": {
    "tfidf_max_features": 10000,
    "tfidf_ngram_range": [
      1,
      2
    ],
    "use_char_ngrams": true,
    "char_max_features": 4000,
    "include_text_statistics": false
  },
  "model_input_shape": [
    1152,
    256
  ],
  "model_input_memory_mb": 1.125,
  "valid_metrics": {
    "accuracy": 0.6821705426356589,
    "precision": 0.6444444444444445,
    "recall": 0.8656716417910447,
    "f1": 0.7388535031847133,
    "macro_f1": 0.6664564545626537,
    "confusion_matrix": [
      [
        30,
        32
      ],
      [
        9,
        58
      ]
    ],
    "classification_report": "              precision    recall  f1-score   support\n\n        fake       0.77      0.48      0.59        62\n        true       0.64      0.87      0.74        67\n\n    accuracy                           0.68       129\n   macro avg       0.71      0.67      0.67       129\nweighted avg       0.70      0.68      0.67       129\n",
    "roc_auc": 0.6757342320654791,
    "roc_curve": {
      "fpr": [
        0.0,
        0.016129032258064516,
        0.016129032258064516,
        0.03225806451612903,
        0.03225806451612903,
        0.08064516129032258,
        0.08064516129032258,
        0.0967741935483871,
        0.0967741935483871,
        0.11290322580645161,
        0.11290322580645161,
        0.12903225806451613,
        0.12903225806451613,
        0.16129032258064516,
        0.16129032258064516,
        0.1774193548387097,
        0.1774193548387097,
        0.1935483870967742,
        0.1935483870967742,
        0.20967741935483872,
        0.20967741935483872,
        0.27419354838709675,
        0.27419354838709675,
        0.3064516129032258,
        0.3064516129032258,
        0.3225806451612903,
        0.3225806451612903,
        0.3387096774193548,
        0.3387096774193548,
        0.3548387096774194,
        0.3548387096774194,
        0.3709677419354839,
        0.3709677419354839,
        0.46774193548387094,
        0.46774193548387094,
        0.4838709677419355,
        0.4838709677419355,
        0.5,
        0.5,
        0.5161290322580645,
        0.5161290322580645,
        0.5967741935483871,
        0.5967741935483871,
        0.6451612903225806,
        0.6451612903225806,
        0.7258064516129032,
        0.7258064516129032,
        0.7419354838709677,
        0.7419354838709677,
        0.8870967741935484,
        0.8870967741935484,
        0.9516129032258065,
        0.9516129032258065,
        1.0
      ],
      "tpr": [
        0.0,
        0.0,
        0.04477611940298507,
        0.04477611940298507,
        0.05970149253731343,
        0.05970149253731343,
        0.07462686567164178,
        0.07462686567164178,
        0.11940298507462686,
        0.11940298507462686,
        0.13432835820895522,
        0.13432835820895522,
        0.1791044776119403,
        0.1791044776119403,
        0.22388059701492538,
        0.22388059701492538,
        0.23880597014925373,
        0.23880597014925373,
        0.373134328358209,
        0.373134328358209,
        0.3880597014925373,
        0.3880597014925373,
        0.43283582089552236,
        0.43283582089552236,
        0.44776119402985076,
        0.44776119402985076,
        0.5373134328358209,
        0.5373134328358209,
        0.5671641791044776,
        0.5671641791044776,
        0.6716417910447762,
        0.6716417910447762,
        0.7761194029850746,
        0.7761194029850746,
        0.8208955223880597,
        0.8208955223880597,
        0.835820895522388,
        0.835820895522388,
        0.8507462686567164,
        0.8507462686567164,
        0.8656716417910447,
        0.8656716417910447,
        0.8955223880597015,
        0.8955223880597015,
        0.9402985074626866,
        0.9402985074626866,
        0.9552238805970149,
        0.9552238805970149,
        0.9701492537313433,
        0.9701492537313433,
        0.9850746268656716,
        0.9850746268656716,
        1.0,
        1.0
      ]
    }
  },
  "test_metrics": {
    "accuracy": 0.6587301587301587,
    "precision": 0.675,
    "recall": 0.7605633802816901,
    "f1": 0.7152317880794702,
    "macro_f1": 0.6447446069110222,
    "confusion_matrix": [
      [
        29,
        26
      ],
      [
        17,
        54
      ]
    ],
    "classification_report": "              precision    recall  f1-score   support\n\n        fake       0.63      0.53      0.57        55\n        true       0.68      0.76      0.72        71\n\n    accuracy                           0.66       126\n   macro avg       0.65      0.64      0.64       126\nweighted avg       0.66      0.66      0.65       126\n",
    "roc_auc": 0.7111395646606915,
    "roc_curve": {
      "fpr": [
        0.0,
        0.0,
        0.0,
        0.01818181818181818,
        0.01818181818181818,
        0.05454545454545454,
        0.05454545454545454,
        0.09090909090909091,
        0.09090909090909091,
        0.18181818181818182,
        0.18181818181818182,
        0.2,
        0.2,
        0.23636363636363636,
        0.23636363636363636,
        0.2545454545454545,
        0.2545454545454545,
        0.2727272727272727,
        0.2727272727272727,
        0.2909090909090909,
        0.2909090909090909,
        0.3090909090909091,
        0.3090909090909091,
        0.36363636363636365,
        0.36363636363636365,
        0.4,
        0.4,
        0.43636363636363634,
        0.43636363636363634,
        0.4727272727272727,
        0.4727272727272727,
        0.4909090909090909,
        0.4909090909090909,
        0.509090909090909,
        0.509090909090909,
        0.5272727272727272,
        0.5272727272727272,
        0.5636363636363636,
        0.5636363636363636,
        0.5818181818181818,
        0.5818181818181818,
        0.6363636363636364,
        0.6363636363636364,
        0.6727272727272727,
        0.6727272727272727,
        0.7090909090909091,
        0.7090909090909091,
        0.7636363636363637,
        0.7636363636363637,
        0.8,
        0.8,
        0.8545454545454545,
        0.8545454545454545,
        0.9818181818181818,
        0.9818181818181818,
        1.0,
        1.0
      ],
      "tpr": [
        0.0,
        0.014084507042253521,
        0.15492957746478872,
        0.15492957746478872,
        0.2535211267605634,
        0.2535211267605634,
        0.36619718309859156,
        0.36619718309859156,
        0.39436619718309857,
        0.39436619718309857,
        0.4084507042253521,
        0.4084507042253521,
        0.4225352112676056,
        0.4225352112676056,
        0.4507042253521127,
        0.4507042253521127,
        0.4788732394366197,
        0.4788732394366197,
        0.5070422535211268,
        0.5070422535211268,
        0.5915492957746479,
        0.5915492957746479,
        0.6901408450704225,
        0.6901408450704225,
        0.704225352112676,
        0.704225352112676,
        0.7183098591549296,
        0.7183098591549296,
        0.7464788732394366,
        0.7464788732394366,
        0.7605633802816901,
        0.7605633802816901,
        0.8028169014084507,
        0.8028169014084507,
        0.8169014084507042,
        0.8169014084507042,
        0.8309859154929577,
        0.8309859154929577,
        0.8450704225352113,
        0.8450704225352113,
        0.8591549295774648,
        0.8591549295774648,
        0.8732394366197183,
        0.8732394366197183,
        0.8873239436619719,
        0.8873239436619719,
        0.9014084507042254,
        0.9014084507042254,
        0.9295774647887324,
        0.9295774647887324,
        0.9436619718309859,
        0.9436619718309859,
        0.9577464788732394,
        0.9577464788732394,
        0.971830985915493,
        0.971830985915493,
        1.0
      ]
    }
  },