{
  "model": "svm_rbf",
  "display_name": "SVM (RBF Kernel)",
  "best_params": null,
  "cv_best_macro_f1": null,
  "training_time_seconds": 2.574123799975496,
  "sample_fraction": 0.04,
  "feature_config": {
    "tfidf_max_features": 10000,
    "tfidf_ngram_range": [
      1,
      2
    ],
    "use_char_ngrams": true,
    "char_max_features": 4000,
    "include_text_statistics": false
  },
  "model_input_shape": [
    461,
    256
  ],
  "model_input_memory_mb": 0.4501953125,
  "valid_metrics": {
    "accuracy": 0.5769230769230769,
    "precision": 0.5714285714285714,
    "recall": 0.7407407407407407,
    "f1": 0.6451612903225806,
    "macro_f1": 0.5606758832565284,
    "confusion_matrix": [
      [
        10,
        15
      ],
      [
        7,
        20
      ]
    ],
    "classification_report": "              precision    recall  f1-score   support\n\n        fake       0.59      0.40      0.48        25\n        true       0.57      0.74      0.65        27\n\n    accuracy                           0.58        52\n   macro avg       0.58      0.57      0.56        52\nweighted avg       0.58      0.58      0.56        52\n",
    "roc_auc": 0.5985185185185186,
    "roc_curve": {
      "fpr": [
        0.0,
        0.0,
        0.0,
        0.04,
        0.04,
        0.12,
        0.12,
        0.36,
        0.36,
        0.4,
        0.4,
        0.48,
        0.48,
        0.52,
        0.52,
        0.56,
        0.56,
        0.6,
        0.6,
        0.64,
        0.64,
        0.68,
        0.68,
        0.72,
        0.72,
        0.76,
        0.76,
        0.84,
        0.84,
        1.0
      ],
      "tpr": [
        0.0,
        0.037037037037037035,
        0.2222222222222222,
        0.2222222222222222,
        0.25925925925925924,
        0.25925925925925924,
        0.2962962962962963,
        0.2962962962962963,
        0.4074074074074074,
        0.4074074074074074,
        0.4444444444444444,
        0.4444444444444444,
        0.48148148148148145,
        0.48148148148148145,
        0.6666666666666666,
        0.6666666666666666,
        0.7037037037037037,
        0.7037037037037037,
        0.7407407407407407,
        0.7407407407407407,
        0.8148148148148148,
        0.8148148148148148,
        0.8888888888888888,
        0.8888888888888888,
        0.9259259259259259,
        0.9259259259259259,
        0.9629629629629629,
        0.9629629629629629,
        1.0,
        1.0
      ]
    }
  },
  "test_metrics": {
    "accuracy": 0.6862745098039216,
    "precision": 0.6756756756756757,
    "recall": 0.8620689655172413,
    "f1": 0.7575757575757576,
    "macro_f1": 0.6565656565656566,
    "confusion_matrix": [
      [
        10,
        12
      ],
      [
        4,
        25
      ]
    ],
    "classification_report": "              precision    recall  f1-score   support\n\n        fake       0.71      0.45      0.56        22\n        true       0.68      0.86      0.76        29\n\n    accuracy                           0.69        51\n   macro avg       0.69      0.66      0.66        51\nweighted avg       0.69      0.69      0.67        51\n",
    "roc_auc": 0.6567398119122257,
    "roc_curve": {
      "fpr": [
        0.0,
        0.0,
        0.0,
        0.045454545454545456,
        0.045454545454545456,
        0.09090909090909091,
        0.09090909090909091,
        0.18181818181818182,
        0.18181818181818182,
        0.22727272727272727,
        0.22727272727272727,
        0.2727272727272727,
        0.2727272727272727,
        0.3181818181818182,
        0.3181818181818182,
        0.45454545454545453,
        0.45454545454545453,
        0.5,
        0.5,
        0.5454545454545454,
        0.5454545454545454,
        0.5909090909090909,
        0.5909090909090909,
        0.6363636363636364,
        0.6363636363636364,
        0.7272727272727273,
        0.7272727272727273,
        0.8181818181818182,
        0.8181818181818182,
        1.0
      ],
      "tpr": [
        0.0,
        0.034482758620689655,
        0.06896551724137931,
        0.06896551724137931,
        0.10344827586206896,
        0.10344827586206896,
        0.13793103448275862,
        0.13793103448275862,
        0.2413793103448276,
        0.2413793103448276,
        0.3103448275862069,
        0.3103448275862069,
        0.3793103448275862,
        0.3793103448275862,
        0.6551724137931034,
        0.6551724137931034,
        0.7241379310344828,
        0.7241379310344828,
        0.8275862068965517,
        0.8275862068965517,
        0.8620689655172413,
        0.8620689655172413,
        0.896551724137931,
        0.896551724137931,
        0.9310344827586207,
        0.9310344827586207,
        0.9655172413793104,
        0.9655172413793104,
        1.0,
        1.0
      ]
    }
  },
  "dataset_audit": {
    "split_sizes": {
      "train": 409,
      "valid": 52,
      "test": 51
    },
    "original_label_distribution": {
      "train": {
        "barely-true": 1654,
        "false": 1987,
        "half-true": 2112,
        "mostly-true": 1961,
        "pants-fire": 839,
        "true": 1675
      },
      "valid": {
        "barely-true": 237,
        "false": 263,
        "half-true": 248,
        "mostly-true": 251,
        "pants-fire": 116,
        "true": 169
      },
      "test": {
        "barely-true": 212,
        "false": 249,
        "half-true": 265,
        "mostly-true": 241,
        "pants-fire": 92,
        "true": 208
      }
    },
    "binary_label_distribution": {
      "train": {
        "fake": 179,
        "true": 230
      },
      "valid": {
        "fake": 25,
        "true": 27
      },
      "test": {
        "fake": 22,
        "true": 29
      }
    },
    "within_split_duplicates_removed": {
      "train": 12,
      "valid": 0,
      "test": 0
    },
    "cross_split_statement_overlap_removed": {
      "train": 0,
      "valid": 0,
      "test": 0
    },
    "sample_fraction": 0.04,
    "sampled_split_sizes": {
      "train": 409,
      "valid": 52,
      "test": 51
    },
    "sampled_binary_label_distribution": {
      "train": {
        "fake": 179,
        "true": 230
      },
      "valid": {
        "fake": 25,
        "true": 27
      },
      "test": {
        "fake": 22,
        "true": 29
      }
    }
  }
}