{
  "model": "svm_rbf",
  "display_name": "SVM (RBF Kernel)",
  "best_params": null,
  "cv_best_macro_f1": null,
  "training_time_seconds": 6.299930300039705,
  "sample_fraction": 0.1,
  "feature_config": {
    "tfidf_max_features": 10000,
    "tfidf_ngram_range": [
      1,
      2
    ],
    "use_char_ngrams": true,
    "char_max_features": 4000,
    "include_text_statistics": false
  },
  "model_input_shape": [
    1152,
    256
  ],
  "model_input_memory_mb": 1.125,
  "valid_metrics": {
    "accuracy": 0.6589147286821705,
    "precision": 0.6263736263736264,
    "recall": 0.8507462686567164,
    "f1": 0.7215189873417721,
    "macro_f1": 0.640759493670886,
    "confusion_matrix": [
      [
        28,
        34
      ],
      [
        10,
        57
      ]
    ],
    "classification_report": "              precision    recall  f1-score   support\n\n        fake       0.74      0.45      0.56        62\n        true       0.63      0.85      0.72        67\n\n    accuracy                           0.66       129\n   macro avg       0.68      0.65      0.64       129\nweighted avg       0.68      0.66      0.64       129\n",
    "roc_auc": 0.738083774675012,
    "roc_curve": {
      "fpr": [
        0.0,
        0.0,
        0.0,
        0.016129032258064516,
        0.016129032258064516,
        0.03225806451612903,
        0.03225806451612903,
        0.04838709677419355,
        0.04838709677419355,
        0.0967741935483871,
        0.0967741935483871,
        0.11290322580645161,
        0.11290322580645161,
        0.12903225806451613,
        0.12903225806451613,
        0.14516129032258066,
        0.14516129032258066,
        0.16129032258064516,
        0.16129032258064516,
        0.1935483870967742,
        0.1935483870967742,
        0.20967741935483872,
        0.20967741935483872,
        0.22580645161290322,
        0.22580645161290322,
        0.27419354838709675,
        0.27419354838709675,
        0.2903225806451613,
        0.2903225806451613,
        0.3387096774193548,
        0.3387096774193548,
        0.45161290322580644,
        0.45161290322580644,
        0.46774193548387094,
        0.46774193548387094,
        0.5483870967741935,
        0.5483870967741935,
        0.5967741935483871,
        0.5967741935483871,
        0.6129032258064516,
        0.6129032258064516,
        0.6290322580645161,
        0.6290322580645161,
        0.7580645161290323,
        0.7580645161290323,
        0.7903225806451613,
        0.7903225806451613,
        0.8548387096774194,
        0.8548387096774194,
        0.9193548387096774,
        0.9193548387096774,
        0.9354838709677419,
        0.9354838709677419,
        1.0
      ],
      "tpr": [
        0.0,
        0.014925373134328358,
        0.08955223880597014,
        0.08955223880597014,
        0.11940298507462686,
        0.11940298507462686,
        0.29850746268656714,
        0.29850746268656714,
        0.3283582089552239,
        0.3283582089552239,
        0.3880597014925373,
        0.3880597014925373,
        0.417910447761194,
        0.417910447761194,
        0.43283582089552236,
        0.43283582089552236,
        0.47761194029850745,
        0.47761194029850745,
        0.4925373134328358,
        0.4925373134328358,
        0.5223880597014925,
        0.5223880597014925,
        0.5522388059701493,
        0.5522388059701493,
        0.582089552238806,
        0.582089552238806,
        0.5970149253731343,
        0.5970149253731343,
        0.6865671641791045,
        0.6865671641791045,
        0.746268656716418,
        0.746268656716418,
        0.7611940298507462,
        0.7611940298507462,
        0.8059701492537313,
        0.8059701492537313,
        0.8507462686567164,
        0.8507462686567164,
        0.8656716417910447,
        0.8656716417910447,
        0.8955223880597015,
        0.8955223880597015,
        0.9104477611940298,
        0.9104477611940298,
        0.9253731343283582,
        0.9253731343283582,
        0.9402985074626866,
        0.9402985074626866,
        0.9701492537313433,
        0.9701492537313433,
        0.9850746268656716,
        0.9850746268656716,
        1.0,
        1.0
      ]
    }
  },
  "test_metrics": {
    "accuracy": 0.6587301587301587,
    "precision": 0.6590909090909091,
    "recall": 0.8169014084507042,
    "f1": 0.7295597484276729,
    "macro_f1": 0.6335970785149116,
    "confusion_matrix": [
      [
        25,
        30
      ],
      [
        13,
        58
      ]
    ],
    "classification_report": "              precision    recall  f1-score   support\n\n        fake       0.66      0.45      0.54        55\n        true       0.66      0.82      0.73        71\n\n    accuracy                           0.66       126\n   macro avg       0.66      0.64      0.63       126\nweighted avg       0.66      0.66      0.65       126\n",
    "roc_auc": 0.7241997439180539,
    "roc_curve": {
      "fpr": [
        0.0,
        0.0,
        0.0,
        0.01818181818181818,
        0.01818181818181818,
        0.03636363636363636,
        0.03636363636363636,
        0.05454545454545454,
        0.05454545454545454,
        0.07272727272727272,
        0.07272727272727272,
        0.09090909090909091,
        0.09090909090909091,
        0.10909090909090909,
        0.10909090909090909,
        0.12727272727272726,
        0.12727272727272726,
        0.16363636363636364,
        0.16363636363636364,
        0.18181818181818182,
        0.18181818181818182,
        0.2,
        0.2,
        0.21818181818181817,
        0.21818181818181817,
        0.23636363636363636,
        0.23636363636363636,
        0.2545454545454545,
        0.2545454545454545,
        0.3090909090909091,
        0.3090909090909091,
        0.34545454545454546,
        0.34545454545454546,
        0.36363636363636365,
        0.36363636363636365,
        0.38181818181818183,
        0.38181818181818183,
        0.4,
        0.4,
        0.41818181818181815,
        0.41818181818181815,
        0.45454545454545453,
        0.45454545454545453,
        0.5636363636363636,
        0.5636363636363636,
        0.6,
        0.6,
        0.6181818181818182,
        0.6181818181818182,
        0.6545454545454545,
        0.6545454545454545,
        0.7454545454545455,
        0.7454545454545455,
        0.7636363636363637,
        0.7636363636363637,
        0.8181818181818182,
        0.8181818181818182,
        0.8363636363636363,
        0.8363636363636363,
        0.9454545454545454,
        0.9454545454545454,
        0.9818181818181818,
        0.9818181818181818,
        1.0
      ],