{
  "model": "svm_rbf",
  "display_name": "SVM (RBF Kernel)",
  "best_params": null,
  "cv_best_macro_f1": null,
  "training_time_seconds": 6.3291330999927595,
  "sample_fraction": 0.1,
  "feature_config": {
    "tfidf_max_features": 10000,
    "tfidf_ngram_range": [
      1,
      2
    ],
    "use_char_ngrams": true,
    "char_max_features": 4000,
    "include_text_statistics": false
  },
  "model_input_shape": [
    1152,
    256
  ],
  "model_input_memory_mb": 1.125,
  "valid_metrics": {
    "accuracy": 0.6511627906976745,
    "precision": 0.625,
    "recall": 0.8208955223880597,
    "f1": 0.7096774193548387,
    "macro_f1": 0.6363921077356718,
    "confusion_matrix": [
      [
        29,
        33
      ],
      [
        12,
        55
      ]
    ],
    "classification_report": "              precision    recall  f1-score   support\n\n        fake       0.71      0.47      0.56        62\n        true       0.62      0.82      0.71        67\n\n    accuracy                           0.65       129\n   macro avg       0.67      0.64      0.64       129\nweighted avg       0.66      0.65      0.64       129\n",
    "roc_auc": 0.7291766971593645,
    "roc_curve": {
      "fpr": [
        0.0,
        0.0,
        0.0,
        0.016129032258064516,
        0.016129032258064516,
        0.04838709677419355,
        0.04838709677419355,
        0.06451612903225806,
        0.06451612903225806,
        0.0967741935483871,
        0.0967741935483871,
        0.11290322580645161,
        0.11290322580645161,
        0.12903225806451613,
        0.12903225806451613,
        0.14516129032258066,
        0.14516129032258066,
        0.16129032258064516,
        0.16129032258064516,
        0.1935483870967742,
        0.1935483870967742,
        0.20967741935483872,
        0.20967741935483872,
        0.22580645161290322,
        0.22580645161290322,
        0.24193548387096775,
        0.24193548387096775,
        0.27419354838709675,
        0.27419354838709675,
        0.3064516129032258,
        0.3064516129032258,
        0.3225806451612903,
        0.3225806451612903,
        0.3548387096774194,
        0.3548387096774194,
        0.4032258064516129,
        0.4032258064516129,
        0.5,
        0.5,
        0.5161290322580645,
        0.5161290322580645,
        0.5645161290322581,
        0.5645161290322581,
        0.5806451612903226,
        0.5806451612903226,
        0.6612903225806451,
        0.6612903225806451,
        0.6774193548387096,
        0.6774193548387096,
        0.6935483870967742,
        0.6935483870967742,
        0.7580645161290323,
        0.7580645161290323,
        0.8225806451612904,
        0.8225806451612904,
        0.967741935483871,
        0.967741935483871,
        1.0
      ],
      "tpr": [
        0.0,
        0.014925373134328358,
        0.13432835820895522,
        0.13432835820895522,
        0.19402985074626866,
        0.19402985074626866,
        0.2537313432835821,
        0.2537313432835821,
        0.2835820895522388,
        0.2835820895522388,
        0.29850746268656714,
        0.29850746268656714,
        0.31343283582089554,
        0.31343283582089554,
        0.3283582089552239,
        0.3283582089552239,
        0.40298507462686567,
        0.40298507462686567,
        0.43283582089552236,
        0.43283582089552236,
        0.5074626865671642,
        0.5074626865671642,
        0.5223880597014925,
        0.5223880597014925,
        0.582089552238806,
        0.582089552238806,
        0.6119402985074627,
        0.6119402985074627,
        0.6417910447761194,
        0.6417910447761194,
        0.7014925373134329,
        0.7014925373134329,
        0.7164179104477612,
        0.7164179104477612,
        0.7313432835820896,
        0.7313432835820896,
        0.746268656716418,
        0.746268656716418,
        0.7910447761194029,
        0.7910447761194029,
        0.8208955223880597,
        0.8208955223880597,
        0.835820895522388,
        0.835820895522388,
        0.8507462686567164,
        0.8507462686567164,
        0.8805970149253731,
        0.8805970149253731,
        0.9402985074626866,
        0.9402985074626866,
        0.9552238805970149,
        0.9552238805970149,
        0.9701492537313433,
        0.9701492537313433,
        0.9850746268656716,
        0.9850746268656716,
        1.0,
        1.0
      ]
    }
  },
  "test_metrics": {
    "accuracy": 0.6587301587301587,
    "precision": 0.6666666666666666,
    "recall": 0.7887323943661971,
    "f1": 0.7225806451612903,
    "macro_f1": 0.6396408380445626,
    "confusion_matrix": [
      [
        27,
        28
      ],
      [
        15,
        56
      ]
    ],
    "classification_report": "              precision    recall  f1-score   support\n\n        fake       0.64      0.49      0.56        55\n        true       0.67      0.79      0.72        71\n\n    accuracy                           0.66       126\n   macro avg       0.65      0.64      0.64       126\nweighted avg       0.66      0.66      0.65       126\n",
    "roc_auc": 0.6953905249679897,
    "roc_curve": {
      "fpr": [
        0.0,
        0.0,
        0.0,
        0.01818181818181818,
        0.01818181818181818,
        0.03636363636363636,
        0.03636363636363636,
        0.05454545454545454,
        0.05454545454545454,
        0.09090909090909091,
        0.09090909090909091,
        0.10909090909090909,
        0.10909090909090909,
        0.12727272727272726,
        0.12727272727272726,
        0.16363636363636364,
        0.16363636363636364,
        0.2,
        0.2,
        0.2545454545454545,
        0.2545454545454545,
        0.2727272727272727,
        0.2727272727272727,
        0.2909090909090909,
        0.2909090909090909,
        0.34545454545454546,
        0.34545454545454546,
        0.36363636363636365,
        0.36363636363636365,
        0.38181818181818183,
        0.38181818181818183,
        0.4,
        0.4,
        0.45454545454545453,
        0.45454545454545453,
        0.4909090909090909,
        0.4909090909090909,
        0.509090909090909,
        0.509090909090909,
        0.5272727272727272,
        0.5454545454545454,
        0.6,
        0.6,
        0.6727272727272727,
        0.6727272727272727,
        0.6909090909090909,
        0.6909090909090909,
        0.7454545454545455,
        0.7454545454545455,
        0.8181818181818182,
        0.8181818181818182,
        0.8545454545454545,
        0.8545454545454545,
        0.9090909090909091,
        0.9090909090909091,
        0.9636363636363636,
        0.9636363636363636,
        1.0
      ],