{
  "model": "svm_rbf",
  "display_name": "SVM (RBF Kernel)",
  "best_params": null,
  "cv_best_macro_f1": null,
  "training_time_seconds": 2.2657594000338577,
  "sample_fraction": 0.04,
  "feature_config": {
    "tfidf_max_features": 10000,
    "tfidf_ngram_range": [
      1,
      2
    ],
    "use_char_ngrams": true,
    "char_max_features": 4000,
    "include_text_statistics": false
  },
  "model_input_shape": [
    461,
    256
  ],
  "model_input_memory_mb": 0.4501953125,
  "valid_metrics": {
    "accuracy": 0.6346153846153846,
    "precision": 0.5952380952380952,
    "recall": 0.9259259259259259,
    "f1": 0.7246376811594203,
    "macro_f1": 0.5908902691511387,
    "confusion_matrix": [
      [
        8,
        17
      ],
      [
        2,
        25
      ]
    ],
    "classification_report": "              precision    recall  f1-score   support\n\n        fake       0.80      0.32      0.46        25\n        true       0.60      0.93      0.72        27\n\n    accuracy                           0.63        52\n   macro avg       0.70      0.62      0.59        52\nweighted avg       0.69      0.63      0.60        52\n",
    "roc_auc": 0.7022222222222221,
    "roc_curve": {
      "fpr": [
        0.0,
        0.04,
        0.04,
        0.08,
        0.08,
        0.16,
        0.16,
        0.2,
        0.2,
        0.24,
        0.24,
        0.32,
        0.32,
        0.4,
        0.4,
        0.52,
        0.52,
        0.88,
        0.88,
        0.92,
        0.92,
        1.0
      ],
      "tpr": [
        0.0,
        0.0,
        0.037037037037037035,
        0.037037037037037035,
        0.1111111111111111,
        0.1111111111111111,
        0.2962962962962963,
        0.2962962962962963,
        0.4074074074074074,
        0.4074074074074074,
        0.6296296296296297,
        0.6296296296296297,
        0.7407407407407407,
        0.7407407407407407,
        0.8518518518518519,
        0.8518518518518519,
        0.9259259259259259,
        0.9259259259259259,
        0.9629629629629629,
        0.9629629629629629,
        1.0,
        1.0
      ]
    }
  },
  "test_metrics": {
    "accuracy": 0.6470588235294118,
    "precision": 0.6666666666666666,
    "recall": 0.7586206896551724,
    "f1": 0.7096774193548387,
    "macro_f1": 0.6298387096774194,
    "confusion_matrix": [
      [
        11,
        11
      ],
      [
        7,
        22
      ]
    ],
    "classification_report": "              precision    recall  f1-score   support\n\n        fake       0.61      0.50      0.55        22\n        true       0.67      0.76      0.71        29\n\n    accuracy                           0.65        51\n   macro avg       0.64      0.63      0.63        51\nweighted avg       0.64      0.65      0.64        51\n",
    "roc_auc": 0.7147335423197493,
    "roc_curve": {
      "fpr": [
        0.0,
        0.0,
        0.0,
        0.045454545454545456,
        0.045454545454545456,
        0.09090909090909091,
        0.09090909090909091,
        0.13636363636363635,
        0.13636363636363635,
        0.22727272727272727,
        0.22727272727272727,
        0.2727272727272727,
        0.2727272727272727,
        0.3181818181818182,
        0.3181818181818182,
        0.4090909090909091,
        0.4090909090909091,
        0.5,
        0.5,
        0.5454545454545454,
        0.5454545454545454,
        0.5909090909090909,
        0.5909090909090909,
        0.6363636363636364,
        0.6363636363636364,
        0.8636363636363636,
        0.8636363636363636,
        1.0,
        1.0
      ],
      "tpr": [
        0.0,
        0.034482758620689655,
        0.1724137931034483,
        0.1724137931034483,
        0.3103448275862069,
        0.3103448275862069,
        0.3793103448275862,
        0.3793103448275862,
        0.4482758620689655,
        0.4482758620689655,
        0.4827586206896552,
        0.4827586206896552,
        0.6206896551724138,
        0.6206896551724138,
        0.6896551724137931,
        0.6896551724137931,
        0.7241379310344828,
        0.7241379310344828,
        0.7931034482758621,
        0.7931034482758621,
        0.8275862068965517,
        0.8275862068965517,
        0.8620689655172413,
        0.8620689655172413,
        0.9310344827586207,
        0.9310344827586207,
        0.9655172413793104,
        0.9655172413793104,
        1.0
      ]
    }
  },
  "dataset_audit": {
    "split_sizes": {
      "train": 409,
      "valid": 52,
      "test": 51
    },
    "original_label_distribution": {
      "train": {
        "barely-true": 1654,
        "false": 1987,
        "half-true": 2112,
        "mostly-true": 1961,
        "pants-fire": 839,
        "true": 1675
      },
      "valid": {
        "barely-true": 237,
        "false": 263,
        "half-true": 248,
        "mostly-true": 251,
        "pants-fire": 116,
        "true": 169
      },
      "test": {
        "barely-true": 212,
        "false": 249,
        "half-true": 265,
        "mostly-true": 241,
        "pants-fire": 92,
        "true": 208
      }
    },
    "binary_label_distribution": {
      "train": {
        "fake": 179,
        "true": 230
      },
      "valid": {
        "fake": 25,
        "true": 27
      },
      "test": {
        "fake": 22,
        "true": 29
      }
    },
    "within_split_duplicates_removed": {
      "train": 12,
      "valid": 0,
      "test": 0
    },
    "cross_split_statement_overlap_removed": {
      "train": 0,
      "valid": 0,
      "test": 0
    },
    "sample_fraction": 0.04,
    "sampled_split_sizes": {
      "train": 409,
      "valid": 52,
      "test": 51
    },
    "sampled_binary_label_distribution": {
      "train": {
        "fake": 179,
        "true": 230
      },
      "valid": {
        "fake": 25,
        "true": 27
      },
      "test": {
        "fake": 22,
        "true": 29
      }
    }
  }
}